name,country_name,region_name,star_label,year,address,phone,hours,cuisine,price_text,price_level,lat,lng,description,facilities,image_url,detail_url
밍글스,한국,서울,3스타,2026,"강남구 도산대로 67길 19, 2층, Seoul, 06016, KOR",+82 2-515-7306,,한식,,,37.52535,127.04426,"따뜻한 톤의 공간에 현대적 감각의 작품과 섬세한 식기가 어우러져 우아한 여백의 미를 보여주는 밍글스는, 창가로 스며드는 초록빛 풍경까지 더해져 편안하면서도 격조 있는 분위기를 자아낸다. 강민구 셰프는 한국의 음식문화와 철학을 메뉴 전반에 자연스럽게 녹여내며, 제철 재료를 정교하게 다뤄 화려함보다 층위 있는 맛의 흐름을 강조한다. 직접 개발한 한국적 재료도 요리 곳곳에서 중요한 역할을 한다. 건해산물과 채소·과일로 풍미를 농축한 ‘밍글링 팟’은 장시간 숙성된 향과 감칠맛이 인상 깊고, 세 가지 발효장—된장·간장·고추장—을 활용해 프렌치 디저트 기법으로 재해석한 ‘장 트리오’는 서양적 구조 안에 한국의 정수를 품어 독창적이다. 전복 배추선과 어만두 등 전통과 현대의 경계를 유연하게 넘나드는 요리가 밍글스 특유의 정체성을 선명하게 드러낸다.",,https://axwwgrkdco.cloudimg.io/v7/__gmpics3__/b1998f42d3b642d2bf04ac9156783877.jpg?width=1000,https://guide.michelin.com/kr/ko/seoul-capital-area/kr-seoul/restaurant/mingles
송헌집,한국,서울,3스타,2026,"수영구 민락로 19번길 18, Busan, 48285, KOR",+82 51-711-4648,,한식,,,35.15654,129.12146,전통주와 함께 즐기는 한식 요리부터 국수 요리까지 한식의 다양한 스펙트럼을 부산에서 선보여 온 송헌집. 셰프가 새로 문을 연 떡갈비 한상차림 식당이다. 그윽한 숯향과 풍부한 육즙의 두툼한 떡갈비는 따뜻한 밥 한 숟가락과 멋지게 어울린다. 떡갈비 백반답게 상을 가득 채운 맛깔스런 반찬과 바특한 된장찌개 역시 떡갈비 못지않은 맛을 자랑한다. 작은 마당이 딸린 이층 주택을 개조한 식당은 1990년대 가정집의 아늑한 분위기를 자아낸다.,,https://axwwgrkdco.cloudimg.io/v7/__gmpics3__/3e953e7c4949462196becd3a2ed0825c.jpeg?width=1000,https://guide.michelin.com/kr/ko/busan-region/busan_1025838/restaurant/songheonjip
묵정,한국,서울,3스타,2026,"중구 퇴계로48길 17, Seoul, 04619, KOR",+82 10-8350-6743,,한식,,,37.56181,127.00053,"한국계 미국인 셰프 오스틴 강이 운영하는 곳이다. 음식이 곧 약이라는 한식의 철학에 매료되어 ‘한국식 발효 음식’을 표방하며 발효 식품과 장을 직접 만들어 사용한다. 전통 한식을 제공하지만 비주얼은 캐주얼하고 현대적이다. 표고버섯 새우전은 밀가루 없이 버섯 위에 다진 새우살을 올린 후 직접 만든 멸치젓을 넣은 아이올리 소스와 함께 제공된다. 천천히 익히는 메인 음식인 닭고기는 식감이 부드럽고 로즈마리와 레몬, 오렌지를 넣어 깊은 향이 밴 찹쌀밥은 직접 만든 반찬과 잘 어우러진다. 메인 요리와 함께 나오는 각종 수제 장아찌와 김치는 풍부한 발효의 맛과 깊고 다채로운 풍미가 동시에 느껴진다. 메인 요리는 준비 시간 때문에 하루 전에 미리 선택해야 한다.",,https://axwwgrkdco.cloudimg.io/v7/__gmpics3__/d746f529d4bf47aab6c054bb20c9d87e.jpeg?width=1000,https://guide.michelin.com/kr/ko/seoul-capital-area/kr-seoul/restaurant/mukjung
소넷,한국,서울,3스타,2026,"강남구 선릉로 157길 33, 3층, Seoul, 06018, KOR",+82 2-6953-5999,,프렌치 컨템퍼러리,,,37.52628,127.03704,"프렌치 음식을 기반으로 한 캐주얼 다이닝을 선보이는 소넷. 커다란 바 테이블이 주방을 감싸고 있는 구조로 셰프들이 조리하는 모습을 직접 보면서 음식을 즐길 수 있다. 다양한 한입 거리 음식부터 분자 요리법을 적용한 디저트까지 갖가지 비주얼과 맛을 경험해 볼 수 있다. 닭 간 무스를 넣은 코코아 롤에 트러플과 라즈베리 잼을 함께 서빙하는 디시는 두 가지 맛과 풍미를 느낄 수 있고, 직접 만든 메밀 파스타와 신선한 조개, 캐비어를 넣은 파스타에서 깊고 진한 맛과 짙은 메밀 향을 느낄 수 있다. ‘소넷’은 프랑스어로 짧은 노래를 뜻하는데 작은 요리로 구성된 코스를 선보이는 이곳에 딱 맞는 이름이다.",,https://axwwgrkdco.cloudimg.io/v7/__gmpics3__/7801dcd17d7d4b84abfef258fa906cde.jpg?width=1000,https://guide.michelin.com/kr/ko/seoul-capital-area/kr-seoul/restaurant/sonnet-1241886
옥돌현옥,한국,서울,3스타,2026,"송파구 오금로 36길 26-1, Seoul, 05700, KOR",+82 2-404-4824,,냉면,,,37.50153,127.12408,오로지 메밀만을 사용해 씹을수록 메밀의 구수함이 느껴지는 순면에 고소하고 진한 육수와 풍부한 메밀향을 느낄 수 있는 옥돌현옥. 생긴 지는 그리 오래 되지 않았지만 평양냉면 마니아들 사이에서는 호평을 받는 곳이다. 두부가 많이 들어가 구수한 만두를 비롯해 어복쟁반과 가자미식해도 인기 메뉴이다. 콜키지를 지불하면 와인과 함께 즐길 수도 있다. 슴슴하지만 깊은 맛을 즐겨보시길.,,https://axwwgrkdco.cloudimg.io/v7/__gmpics3__/d7066057313b4ebc82650dd10cd73dc6.jpeg?width=1000,https://guide.michelin.com/kr/ko/seoul-capital-area/kr-seoul/restaurant/okdol-heyonok
레스토랑 알렌,한국,서울,2스타,2026,"강남구 테헤란로 231, 센터필드 East 2층 E205호, Seoul, 06142, KOR",+82 2-6985-7214,,컨템퍼러리,,,37.5036,127.0418,"알렌은 서현민 셰프의 이름을 건 레스토랑답게, 셰프가 쌓아온 감각과 노하우가 현대적이고 정교한 요리로 자연스럽게 드러나는 공간이다. 편안하면서도 우아한 다이닝룸과 신중히 고른 테이블웨어가 조화를 이루고, 유리창 너머로 보이는 질서 정연한 키친의 움직임이 식사의 즐거움을 더한다. 프렌치 터치를 가볍게 더한 컨템퍼러리 요리는 섬세한 맛의 결을 이루며, 지역 식재료를 중심으로 삼아 매 계절 새롭게 재구성된다. 메뉴 뒤편에 표기된 산지 지도는 코스 곳곳에 사용된 식재료의 출처와 제철성을 시각적으로 보여준다. 막걸리 효모를 반죽에 더해 만든 사워도우 브레드는 겉은 바삭하고 속은 탄력 있으며, 산미와 고소함이 어우러져 인상적인 풍미를 완성한다. 따뜻하면서도 전문적인 서비스 팀의 안정된 응대가 더해져 전체 경험이 더욱 매끄럽고 쾌적하게 이어진다.",,https://axwwgrkdco.cloudimg.io/v7/__gmpics3__/36662594e2ec4ef5b76623fd61228ee7.jpeg?width=1000,https://guide.michelin.com/kr/ko/seoul-capital-area/kr-seoul/restaurant/restaurant-allen
권숙수,한국,서울,2스타,2026,"강남구 압구정로 80길 37, 4층, Seoul, 06016, KOR",+82 2-542-6268,,한식,,,37.52437,127.04355,"현대적 기법과 한국적 전통이 만나 매력적인 다이닝 경험을 선사하는 곳이다. 외식업에 뿌리를 둔 가정에서 성장한 셰프는 20여 년의 경력을 바탕으로 제철 식재료의 순수하고도 섬세한 맛을 고요하게 드러낸다. 식사는 정교하게 다듬은 한 입 크기의 요리와 한국 전통주 페어링으로 시작해, 전통 ‘독상’ 스타일로 구성된 메인 코스로 이어지며, 마지막에는 다양한 디저트를 담은 트롤리가 등장해 식사를 우아하게 마무리한다. 점심 시간에는 자연광이 미니멀한 공간을 따뜻하게 채워 비즈니스 미팅이나 조용한 모임에 더욱 잘 어울린다.",,https://axwwgrkdco.cloudimg.io/v7/__gmpics3__/9f989cdd50ea42fb8f3c7cbe31c79465.jpeg?width=1000,https://guide.michelin.com/kr/ko/seoul-capital-area/kr-seoul/restaurant/kwonsooksoo
정식당,한국,서울,2스타,2026,"강남구 선릉로 158길 11, Seoul, 06014, KOR",+82 2-517-4654,,컨템퍼러리,,,37.525584,127.041069,"임정식 셰프는 서울과 뉴욕을 기반으로, 자신만의 감각적인 창의성으로 한국 요리를 세계 무대에 우아하게 선보인 선구적인 인물이다. 그는 김밥이나 비빔밥처럼 우리에게 익숙한 전통적 요소에서 영감을 받아, 본질은 지키되 감각적으로 재해석한 요리를 통해 진정한 '모던 코리안'의 방향을 제시한다. 전복, 오리 등 고급 식재료를 중심으로 구성된 코스는 정갈하고 세련된 반찬으로 화려하게 시작되며, 선택에 따라 다채로운 추가 요리도 경험할 수 있다. 와인 리스트는 폭넓고 깊이 있으나, 셰프가 제안하는 페어링 역시 섬세하고 조화롭다. 장인정신과 현대적 감각이 공존하는 식사 경험이 인상 깊게 다가온다.",,https://axwwgrkdco.cloudimg.io/v7/__gmpics3__/cd382536a68b4ffda192a5f9428283f1.jpeg?width=1000,https://guide.michelin.com/kr/ko/seoul-capital-area/kr-seoul/restaurant/jungsik511965
에빗,한국,서울,2스타,2026,"강남구 도산대로 45길 10-5, Seoul, 06021, KOR",+82 70-4231-1022,,이노베이티브,,,37.52334,127.0362,"식재료를 야생에 나가 채집하고 메주를 손수 띄워 장을 담그는 조셉 리저우드 셰프의 레스토랑 에빗. 조셉 리저우드 셰프에게 뻔하고 식상한 재료는 존재하지 않는다. 시그니처인 메주 도넛은  튀긴 찹쌀 반죽 안에 크림과 멸치 달고나, 흑마늘을 넣어 감칠맛과 발효 풍미를 한껏 올렸으며, 직접 만드는 솔잎 오일, 꽃을 발효해 만드는 약주 등 에빗의 메뉴에는 셰프의 감각으로 재해석된 창의적 요리로 가득하다. 한국 식문화의 전통을 셰프의 독특하고 글로벌한 해석을 가미한 에빗의 요리는 구색을 잘 갖춘 와인과 함께할 때 한층 더 빛을 발한다.",,https://axwwgrkdco.cloudimg.io/v7/__gmpics3__/d66524a50c87458ebe9cd2b42d1b4e1d.jpeg?width=1000,https://guide.michelin.com/kr/ko/seoul-capital-area/kr-seoul/restaurant/evett
스와니예,한국,서울,2스타,2026,"강남구 강남대로 652, 신사스퀘어 2층 201호, Seoul, 06027, KOR",+82 2-3477-9386,,컨템퍼러리,,,37.51933,127.01903,"파인 다이닝 레스토랑 스와니예는 계절의 흐름과 재료의 숨결을 세심하게 살린 테이스팅 코스로 정평이 나 있다. 오너 셰프 이준은 한국적 감성과 현대적 기법을 조화시켜 감각적인 해석이 돋보이는 요리를 선보인다. 또한, 이야기가 있는 음식을 표방하는 그의 ‘에피소드’ 메뉴는 기승전결이 있는 한 편의 공연을 연상시킨다. 화이트 톤의 절제된 분위기와 주방 중심의 공간 배치, 세련된 플레이팅과 편안한 서비스까지, 이 모든 요소가 만족도 높은 다이닝 경험을 선사한다.",,https://axwwgrkdco.cloudimg.io/v7/__gmpics3__/574dceba3f2a41119d554bd5ebf46e06.jpeg?width=1000,https://guide.michelin.com/kr/ko/seoul-capital-area/kr-seoul/restaurant/soigne
알라 프리마,한국,서울,2스타,2026,"강남구 학동로 17길 13, Seoul, 06045, KOR",+82 2-511-2555,,이노베이티브,,,37.51346,127.02602,"재료 본연의 맛을 간직하고 있으면서도 적절히 사용된 허브와 채소가 발산하는 퀴진 아로마가 특히 매력적이다. 계절마다 접하는 동일한 식재료일지라도 맛과 식감을 흥미롭게 변주하는 까닭에 철마다 방문해 볼 가치가 있다. 요리는 독창적이지만 복잡하거나 이해하기 어렵지 않으며 조화로운 맛을 직관적으로 즐길 수 있는 코스 구성 역시 이곳만의 장점이다. 주방의 분주한 현장감이 느껴지는 와이드 카운터 좌석은 후회 없는 선택이 될 것이다. 차분하고 클래식한 분위기와 은은한 조명의 다이닝 공간까지, 안락한 식사를 위한 준비가 완벽히 갖춰져 있다.",,https://axwwgrkdco.cloudimg.io/v7/__gmpics3__/05970e32488740bf9e6c9929485d6ff3.jpeg?width=1000,https://guide.michelin.com/kr/ko/seoul-capital-area/kr-seoul/restaurant/alla-prima
미토우,한국,서울,2스타,2026,"강남구 도산대로 70길 24, Seoul, 06064, KOR",+82 10-7286-9914,,일식,,,37.52206,127.04502,"미토우는 제철 식재료를 이용해 자신들만의 방식으로 일본 전통 요리를 표현하는 권영운, 김보미 셰프의 재능이 돋보이는 공간이다. 이들은 미토우의 요리에 계절감을 담기 위해 끊임없이 정진한다. 이런 노력은 품질 좋은 식재료를 고르는 데에서도 드러난다. 미토우의 요리에 쓰이는 닭과 달걀, 쌀과 채소는 모두 셰프의 가족이 운영하는 농장에서 공급받고 있다. 셰프들의 손을 거쳐 미토우의 식탁에 오르는 요리는 이런 정성 어린 노력의 결정체라 할 수 있다. 미토우의 요리에서는 셰프가 요리를 공부하며 얻었다는 수련자의 진중함과 겸손함, 정진하는 마음가짐이 고스란히 느껴진다. 계절이 바뀔 때마다 미토우의 식탁을 기대하는 하는 이유다.",,https://axwwgrkdco.cloudimg.io/v7/__gmpics3__/445960fc5aeb44d58ad640649a04c701.jpeg?width=1000,https://guide.michelin.com/kr/ko/seoul-capital-area/kr-seoul/restaurant/mitou
모수,한국,서울,2스타,2026,"서울시 용산구 회나무로 41길 4, Seoul, 04344, KOR",+82 2-6272-5678,,모던 요리,,,37.54115,126.99615,"모수에서 상상력과 정교함, 섬세함이 균형을 한결같은 셰프의 정체성이 담긴 요리를 맛보는 순간 그 완성도에 고개를 끄덕이게 된다. 예상 가능한 맛 위에서 확장되는 풍미와 식감의 터치는 기분 좋은 놀라움을 준다. 전복 타코, 참깨 두부, 우엉 타르트 등 시그니처 메뉴는 여전히 건재하고, 사워 도우는 미소를 짓게 하며 생선 요리 역시 구조감 있는 맛의 조합으로 만족을 더한다. 이렇듯 모수의 요리에는 미식의 즐거움을 더하는 요소들이 곳곳에 배치되어 있다. 2층 주택을 개조한 모수의 공간은 층마다 분위기가 다르다. 입구에 들어서면 직원이 다이닝 공간으로 안내를 하는데 오픈 키친이 있는 1층은 조리의 열정을 눈앞에서 느낄 수 있어 인기이고, 2층은 채광이 좋아 석양과 함께 로맨틱한 식사를 즐길 수 있다. 요리만큼이나 섬세한 서비스와 음식과 조화를 이루는 와인 페어링이 잊지 못할 다이닝 경험을 선사할 것이다.",,https://axwwgrkdco.cloudimg.io/v7/__gmpics3__/5168c29ab38c44f7897be008d2ae20bf.jpeg?width=1000,https://guide.michelin.com/kr/ko/seoul-capital-area/kr-seoul/restaurant/mosu
소수헌,한국,서울,2스타,2026,"중구 만리재로 21길 8, Seoul, 04500, KOR",+82 10-9694-3368,,스시,,,37.55294,126.9634,"현대적인 서울의 스카이라인을 배경으로, 고즈넉한 한옥 한 채가 자리하고 있다. 이곳은 박경재 셰프의 ‘소수헌’으로, 도심 속에서 조용하고 우아한 분위기를 만끽하고 싶은 이들에게 이상적인 공간이다. 단 8석의 카운터에서는 묵묵히 집중하며 니기리를 쥐는 장인의 섬세한 손길을 가까이서 지켜볼 수 있다. 본격적인 니기리 전에  대게, 벚꽃도미 찜, 갈치 구이 등 다채로운 전채 요리가 이어지며 미각을 깨운다. 넉넉하게 쥐어낸 니기리는 전어와 부드러운 한치가 특히 인상적이다. 마지막을 장식하는 진한 말차 한 잔까지, 깊이 있는 여운을 남기는 저녁이다.",,https://axwwgrkdco.cloudimg.io/v7/__gmpics3__/c287df347b474c60a0730f907a89ff2b.jpeg?width=1000,https://guide.michelin.com/kr/ko/seoul-capital-area/kr-seoul/restaurant/sosuheon
라연,한국,서울,2스타,2026,"중구 동호로 249, 신라호텔 23층, Seoul, 04605, KOR",+82 2-2230-3367,,한식,,,37.555813,127.00517,"신라호텔 23층에 자리한 라연에서는 탁 트인 전망이 보장되지만, 눈길을 끄는 건 그보다 더 인상적인 음식의 완성도다. 한국 전통의 깊이를 지키면서도 섬세하고 가벼운 감각으로 현대적으로 풀어낸 요리들은, 익숙한 맛과 질감을 해치지 않으면서도 세련된 변화를 더한다. 바삭하게 구운 붉은 숭어 부터 부드럽게 숯불에 구운 한우 불고기까지, 과한 기교 없이 깔끔한 풍미에 집중하는 주방의 철학이 느껴진다. 아늑한 다이닝룸과 정중하고 따뜻한 서비스는 이 경험을 더욱 완벽하게 만든다.",,https://axwwgrkdco.cloudimg.io/v7/__gmpics3__/f9a0825d0a6b4974bb1e8ca3ac276562.jpg?width=1000,https://guide.michelin.com/kr/ko/seoul-capital-area/kr-seoul/restaurant/la-yeon
송헌집,한국,서울,2스타,2026,"수영구 민락로 19번길 18, Busan, 48285, KOR",+82 51-711-4648,,한식,,,35.15654,129.12146,전통주와 함께 즐기는 한식 요리부터 국수 요리까지 한식의 다양한 스펙트럼을 부산에서 선보여 온 송헌집. 셰프가 새로 문을 연 떡갈비 한상차림 식당이다. 그윽한 숯향과 풍부한 육즙의 두툼한 떡갈비는 따뜻한 밥 한 숟가락과 멋지게 어울린다. 떡갈비 백반답게 상을 가득 채운 맛깔스런 반찬과 바특한 된장찌개 역시 떡갈비 못지않은 맛을 자랑한다. 작은 마당이 딸린 이층 주택을 개조한 식당은 1990년대 가정집의 아늑한 분위기를 자아낸다.,,https://axwwgrkdco.cloudimg.io/v7/__gmpics3__/3e953e7c4949462196becd3a2ed0825c.jpeg?width=1000,https://guide.michelin.com/kr/ko/busan-region/busan_1025838/restaurant/songheonjip
묵정,한국,서울,2스타,2026,"중구 퇴계로48길 17, Seoul, 04619, KOR",+82 10-8350-6743,,한식,,,37.56181,127.00053,"한국계 미국인 셰프 오스틴 강이 운영하는 곳이다. 음식이 곧 약이라는 한식의 철학에 매료되어 ‘한국식 발효 음식’을 표방하며 발효 식품과 장을 직접 만들어 사용한다. 전통 한식을 제공하지만 비주얼은 캐주얼하고 현대적이다. 표고버섯 새우전은 밀가루 없이 버섯 위에 다진 새우살을 올린 후 직접 만든 멸치젓을 넣은 아이올리 소스와 함께 제공된다. 천천히 익히는 메인 음식인 닭고기는 식감이 부드럽고 로즈마리와 레몬, 오렌지를 넣어 깊은 향이 밴 찹쌀밥은 직접 만든 반찬과 잘 어우러진다. 메인 요리와 함께 나오는 각종 수제 장아찌와 김치는 풍부한 발효의 맛과 깊고 다채로운 풍미가 동시에 느껴진다. 메인 요리는 준비 시간 때문에 하루 전에 미리 선택해야 한다.",,https://axwwgrkdco.cloudimg.io/v7/__gmpics3__/d746f529d4bf47aab6c054bb20c9d87e.jpeg?width=1000,https://guide.michelin.com/kr/ko/seoul-capital-area/kr-seoul/restaurant/mukjung
소넷,한국,서울,2스타,2026,"강남구 선릉로 157길 33, 3층, Seoul, 06018, KOR",+82 2-6953-5999,,프렌치 컨템퍼러리,,,37.52628,127.03704,"프렌치 음식을 기반으로 한 캐주얼 다이닝을 선보이는 소넷. 커다란 바 테이블이 주방을 감싸고 있는 구조로 셰프들이 조리하는 모습을 직접 보면서 음식을 즐길 수 있다. 다양한 한입 거리 음식부터 분자 요리법을 적용한 디저트까지 갖가지 비주얼과 맛을 경험해 볼 수 있다. 닭 간 무스를 넣은 코코아 롤에 트러플과 라즈베리 잼을 함께 서빙하는 디시는 두 가지 맛과 풍미를 느낄 수 있고, 직접 만든 메밀 파스타와 신선한 조개, 캐비어를 넣은 파스타에서 깊고 진한 맛과 짙은 메밀 향을 느낄 수 있다. ‘소넷’은 프랑스어로 짧은 노래를 뜻하는데 작은 요리로 구성된 코스를 선보이는 이곳에 딱 맞는 이름이다.",,https://axwwgrkdco.cloudimg.io/v7/__gmpics3__/7801dcd17d7d4b84abfef258fa906cde.jpg?width=1000,https://guide.michelin.com/kr/ko/seoul-capital-area/kr-seoul/restaurant/sonnet-1241886
옥돌현옥,한국,서울,2스타,2026,"송파구 오금로 36길 26-1, Seoul, 05700, KOR",+82 2-404-4824,,냉면,,,37.50153,127.12408,오로지 메밀만을 사용해 씹을수록 메밀의 구수함이 느껴지는 순면에 고소하고 진한 육수와 풍부한 메밀향을 느낄 수 있는 옥돌현옥. 생긴 지는 그리 오래 되지 않았지만 평양냉면 마니아들 사이에서는 호평을 받는 곳이다. 두부가 많이 들어가 구수한 만두를 비롯해 어복쟁반과 가자미식해도 인기 메뉴이다. 콜키지를 지불하면 와인과 함께 즐길 수도 있다. 슴슴하지만 깊은 맛을 즐겨보시길.,,https://axwwgrkdco.cloudimg.io/v7/__gmpics3__/d7066057313b4ebc82650dd10cd73dc6.jpeg?width=1000,https://guide.michelin.com/kr/ko/seoul-capital-area/kr-seoul/restaurant/okdol-heyonok
이타닉 가든,한국,서울,1스타,2026,"강남구 테헤란로 231, 조선팰리스 호텔 36층, Seoul, 06142, KOR",+82 2-727-7610,,코리안 컨템퍼러리,,,37.50304,127.04158,"이름처럼, 도심 속 정원을 떠올리게 하는 우아한 분위기의 공간. 조선 팰리스 호텔 36층에 위치한 이 레스토랑에서 가장 인기 있는 자리는 도시 전경이 한눈에 펼쳐지는 창가의 2인석이다. 정해진 메뉴는 없으며, 제철 재료를 중심으로 구성된 요리들은 각각 일러스트 카드로 소개된다. 조개부터 토종 쌀에 이르기까지, 아름답게 담긴 접시마다 핵심 재료가 그려져 있고, 친절한 서비스 팀이 그 의미와 구성을 세심히 설명해 준다. 전통 한식에 창의적인 터치를 더한 요리는, 현대적 기술을 완벽하게 소화해낸 주방의 역량을 고스란히 보여준다.",,https://axwwgrkdco.cloudimg.io/v7/__gmpics3__/ae00ae5217b149a6afed34d8472c327e.jpeg?width=1000,https://guide.michelin.com/kr/ko/seoul-capital-area/kr-seoul/restaurant/eatanic-garden
꼴라쥬,한국,서울,1스타,2026,"강남구 논현로 136길 11, 아난티 앳 강남 2층, Seoul, 06051, KOR",+82 2-2190-4112,,프렌치 컨템퍼러리,,,37.51619,127.03099,"다양한 재료를 조합하여 표현하는 시각 예술의 기법 Collage처럼, 노진성 셰프는 식재료에 대한 넓은 이해를 바탕으로 여러 풍미의 조합과 맛의 균형점을 요리안에 담아낸다. 그의 정교한 조리 능력은 식재료 본연의 풍미와 밀도 있는 소스의 맛의 조화로 풍부하게 표현된다. 한국의 계절 식재료와 일부 발효 기법 활용은 전통적인 프렌치 퀴진에 트렌디하고 다채로운 맛을 더한다. 넓고 우아한 카운터 테이블이 매력적인 다이닝 공간에서 셰프의 뚜렷한 스타일이 담긴 세련된 프렌치 퀴진을 즐겨보자.",,https://axwwgrkdco.cloudimg.io/v7/__gmpics3__/0a4cb8f7a3ce41b387875438b8a54652.jpeg?width=1000,https://guide.michelin.com/kr/ko/seoul-capital-area/kr-seoul/restaurant/collage
하쿠시,한국,서울,1스타,2026,"강남구 언주로 157길 8-4, 2, Seoul, 06024, KOR",+82 10-7316-6212,,일식,,,37.52414,127.03227,"이름처럼 새하얀 도화지 같은 건물에 흰색 정물화 같은 공간에서 모던한 분위기를 느낄 수 있는 하쿠시.  카운터 테이블에 둘러싸인 주방공간을 과감하게 오픈해 요리가 완성되는 과정을 처음부터 끝까지 볼 수 있다는 것이 인상적이다. 공간의 모던 함처럼, 음식에도 셰프의 독창성과 모던함이 잘 반영되어 있다. 특히 크리스피 우나기는 전통적 방식인 산쇼와 함께 나오는 첫번 째 디시, 베이징 덕 처럼 전병과 바질에 말아 바질 식초에 찍어 먹는 두번 째 디시가 서빙 되는데, 그 어우러짐이 색다르면서도 굉장한 하모니를 낸다. 9시 이후에는 단품 메뉴를 즐길 수 있고, 예전의 대표메뉴를 모아놓은 코스메뉴도 선택 가능하다.",,https://axwwgrkdco.cloudimg.io/v7/__gmpics3__/d93b5de257704c199443ae7931f46162.jpeg?width=1000,https://guide.michelin.com/kr/ko/seoul-capital-area/kr-seoul/restaurant/hakusi
무오키,한국,서울,1스타,2026,"강남구 학동로 55길 12-12, 2층, Seoul, 06065, KOR",+82 10-2948-4171,,컨템퍼러리,,,37.51896,127.04222,"박무현 셰프의 세련된 레스토랑은 오픈 키친의 역동적인 풍경이 마치 작은 극장처럼 다이닝 경험에 생동감을 더한다. 경험 많고 매너 좋은 서비스 팀이 식사의 여정을 섬세하게 안내하며, 코스 메뉴는 조화로운 맛의 구성뿐 아니라 예상 밖의 창의적인 조합으로 미각에 도전장을 내민다. 비트와 염소 치즈, 헤이즐넛을 곁들인 요리는 시각적으로도 아름답지만, 그 맛 또한 탁월하다. 마무리를 장식하는 디저트 역시 늘 기억에 남는 하이라이트로 빛난다.",,https://axwwgrkdco.cloudimg.io/v7/__gmpics3__/041ec56468874724aeb422fbe08b220f.jpeg?width=1000,https://guide.michelin.com/kr/ko/seoul-capital-area/kr-seoul/restaurant/muoki
무니,한국,서울,1스타,2026,"강남구 도산대로 72길 16, Seoul, 06063, KOR",+82 2-511-1303,,일식,,,37.52291,127.04545,"화려한 청담동 골목 사이에 조용히 자리한 일본 요리 전문점 ‘무니’는 절제된 입구와 긴 카운터를 중심으로 한 미니멀한 공간이 인상적이며, 오픈 키친 뒤 벽면에는 셰프가 오랜 시간 수집해온 도자기가 정갈하게 전시되어 있다. 김동욱 셰프는 정통 가이세키라 부르기에는 완전히 들어맞지 않더라도 제철 식재료의 활용과 담음새에서 전통적 미감을 자연스럽게 녹여낸다. 오마카세는 계절성과 단순함을 핵심에 두며, 일본과 한국의 최상급 식재료를 조화롭게 사용해 각 계절의 본질을 또렷하게 표현한다. 일본 니혼슈 소믈리에(키키사케시) 자격을 갖춘 셰프에게 요리에 어울리는 사케를 추천받는다면 더욱 풍성한 다이닝 경험을 즐길 수 있다.",,https://axwwgrkdco.cloudimg.io/v7/__gmpics3__/227831cd046c4403a3f7fe3539226144.jpeg?width=1000,https://guide.michelin.com/kr/ko/seoul-capital-area/kr-seoul/restaurant/muni
익스퀴진,한국,서울,1스타,2026,"강남구 삼성로 140길 6, Seoul, 06073, KOR",+82 2-542-6921,,컨템퍼러리,,,37.5211374,127.04969,"조용한 주택가에 자리한 익스퀴진은 장경원 셰프가 한국적 재료의 개성과 잠재력을 탐구하며 새로운 맛을 실험하는 공간이다. 레스토랑에서 직접 재배한 허브와 산지에서 직송되는 신선한 재료를 사용해 합리적인 가격의 코스를 선보이며, 점심과 저녁에는 각각 하나의 코스 메뉴만 운영되지만 식재료와 주방 상황에 따라 구성이 수시로 바뀐다. 블랙과 그레이 톤의 작은 공간은 은은한 조명과 미니멀한 장식으로 아늑한 분위기를 연출해 편안한 데이트나 조용한 식사에 잘 어울린다. 규모가 아담한 만큼 예약은 필수다.",,https://axwwgrkdco.cloudimg.io/v7/__gmpics3__/8e457c5cc08d4e37ac147388cff8e202.jpeg?width=1000,https://guide.michelin.com/kr/ko/seoul-capital-area/kr-seoul/restaurant/exquisine
스시 카네사카,한국,서울,1스타,2026,"강남구 테헤란로 521, 그랜드 인터컨티넨탈 서울 파르나스 1층, Seoul, 06164, KOR",+82 2-559-7627,,스시,,,37.50904,127.06089,"인터컨티넨탈 호텔 1층 히노츠키 내부에 자리한 독립 운영 스시 전문점으로, 일본인 셰프와 한국인 팀이 이끄는 8석 규모의 편백 카운터에서 정교한 스시를 선보인다. 샤리는 일본식 식감을 살린 국내산 쌀에 소금과 두 종류의 붉은 식초만으로 간을 더해 산뜻한 감칠맛을 내며, 해산물은 주로 한국산 제철 어획물로 품질이 우수하다. 특히 통통하고 풍미 좋은 아지 스시는 운이 좋다면 맛볼 수 있는 시그니처 아이템. 런치와 디너 모두 스시 구성은 동일하지만, 조리법과 코스 길이가 더욱 풍부한 디너 방문을 추천한다. 일본식 분위기를 담은 공간과 셰프의 친근한 응대가 더해져, 서울에서 일본 정통 스시의 매력을 경험할 수 있는 곳이다.",,https://axwwgrkdco.cloudimg.io/v7/__gmpics3__/83a2f69c23064ab3a30277198023e13e.jpeg?width=1000,https://guide.michelin.com/kr/ko/seoul-capital-area/kr-seoul/restaurant/sushi-kanesaka-1244365
기와강,한국,서울,1스타,2026,"강남구 논현로 152길 9, 4층, Seoul, 06025, KOR",+82 2-517-2511,,코리안 컨템퍼러리,,,37.52107,127.02893,"프렌치 요리의 뚜렷한 개성을 지닌 강민철 셰프가 ‘기와강’에서 한식을 주제로 새로운 미식 세계를 펼친다. 익숙한 한식에 프렌치 테크닉과 독창적 감각을 더해 경계가 모호할 수 있는 맛의 조합을 세련되게 풀어낸다. 동치미와 캐비어, 오징어 만두, 간장게장밥과 트러플 등 실험적인 구성도 자연스럽고 조화롭게 이어진다. 늘 정돈된 오픈 키친은 신뢰감 있는 첫인상을 남기며, 세련된 공간, 따뜻한 환대, 섬세한 요리가 어우러진 균형 잡힌 다이닝 경험을 완성한다.",,https://axwwgrkdco.cloudimg.io/v7/__gmpics3__/abb421ffd72843f9affa6240646ff2d4.jpeg?width=1000,https://guide.michelin.com/kr/ko/seoul-capital-area/kr-seoul/restaurant/giwakang
강민철 레스토랑,한국,서울,1스타,2026,"강남구 도산대로 63길 18, 5층, Seoul, 06064, KOR",+82 2-545-2511,,프렌치 컨템퍼러리,,,37.5249,127.04365,"2025년 새로 이전하면서 대지와 자연, 기암석을 모티브로 한 레스토랑 디자인부터 식기 하나하나까지 세심하게 신경을 썼다. 다양한 식재료와 독창적인 아이디어를 활용해 한국적 또는 동양적으로 해석한 프렌치 메뉴들이 많은데 여행이나 협업 과정에서 영감을 얻은 것들이다. 말린 죽순을 태워 소스를 만든다거나 건표고와 미역을 이용한 육수와 블루베리를 프렌치 요리에 조합하는 식이다. 프렌치 본연의 깊은 맛은 물론 새롭고 변화무쌍한 맛의 조합에도 능하다. 더 밝고 넓어진 공간에서 셰프의 창의적인 요리를 즐겨 보기를 권한다.",,https://axwwgrkdco.cloudimg.io/v7/__gmpics3__/c47b1d4366de42a9a1438048bc38711d.jpeg?width=1000,https://guide.michelin.com/kr/ko/seoul-capital-area/kr-seoul/restaurant/kang-minchul-restaurant
가겐 바이 최준호,한국,서울,1스타,2026,"강남구 압구정로 80길 19-1, 2층, Seoul, 06015, KOR",+82 2-542-0176,,일식,,,37.52451,127.04523,"‘가겐’이라는 이름은 최현아·원진희 부부의 성에서 각각 ‘아(雅)’와 ‘원(元)’을 따 일본어로 표기한 것으로, 두 셰프는 각각 ‘칸다’와 ‘쿠로기’에서 경력을 쌓았다. 이곳의 요리는 일본식 계절감을 섬세하게 드러내는 것이 특징이며, 쿠로기에서 전수한 소면, 즉석에서 빻아 향을 극대화한 깨 무침, 고사리 전분으로 만든 와라비모치처럼 흔치 않은 구성들이 오감을 즐겁게 한다. 저녁 식사는 모든 손님이 저녁 7시 정시에 시작하며, 각 요리는 눈앞에서 펼쳐지듯 제공되어 장인의 손길을 더욱 깊이 느낄 수 있는 몰입감 있는 경험을 만든다. 셰프의 세심한 설명과 따뜻한 접객 서비스가 더해져 전체 식사의 완성도를 높인다.",,https://axwwgrkdco.cloudimg.io/v7/__gmpics3__/e364f31f9b8c45f5b3632580a478c1da.jpeg?width=1000,https://guide.michelin.com/kr/ko/seoul-capital-area/kr-seoul/restaurant/gaggen
세븐스도어,한국,서울,1스타,2026,"강남구 학동로 97길 41, 4층, Seoul, 06072, KOR",+82 2-542-3010,,컨템퍼러리,,,37.52237,127.05429,"김대천 셰프의 요리는 시간이 흐를수록 더욱 다양해지고 그 깊이를 더해 간다. 7th Door의 요리에서는 셰프가 지향하는 한식의 방향성을 경험할 수 있다. 그는 한식의 특징인 발효와 숙성을 주제로 삼아 자신만의 노하우와 정성을 담아 요리에 쓰일 재료를 준비한다. 이러한 과정을 거쳐 음식이 고객의 테이블에 오르기까지 김대천 셰프의 집중력과 아이디어가 요리에 재치 있게 녹아들고, 셰프의 이런 재치와 위트가 식사와 식사 사이에 재미를 더한다. 맛의 5가지 표현과 요리의 주제인 발효와 숙성 그리고 셰프의 감각, 이 7가지 테마의 어우러짐은 미식의 즐거움을 기대하게 한다.",,https://axwwgrkdco.cloudimg.io/v7/__gmpics3__/7dd83039b94b4d9e91091ed48d46eb4a.jpeg?width=1000,https://guide.michelin.com/kr/ko/seoul-capital-area/kr-seoul/restaurant/7th-door
빈호,한국,서울,1스타,2026,"강남구 학동로 43길 38, 논현웰스톤 162호, Seoul, 06059, KOR",+82 10-9677-2302,,컨템퍼러리,,,37.51866,127.03814,"노출형 천장 아래, 날렵한 선이 돋보이는 짙은 톤의 카운터가 오픈 키친을 둘러싸며, 요리가 완성되는 순간을 가까이에서 감상할 수 있는 공간이다. 밝고 경쾌한 음악과 팀의 자연스러운 응대가 어우러져 편안하면서도 세련된 분위기를 만든다. 유수의 레스토랑에서 경력을 쌓은 공동 오너 셰프 전성빈이 이끄는 주방은 한국적 전통을 바탕으로 현대적 기법과 개인적 해석을 더해, 매 시즌 새로운 이야기를 담은 섬세한 맛의 코스를 선보인다. 대담하면서도 미니멀한 미학이 살아 있는, 친구들과 함께하기 좋은 여유로운 다이닝 경험을 제공하며, 보다 깊이 있는 여정을 원하는 이들에게는 세심하게 구성한 와인 페어링을 추천한다.",,https://axwwgrkdco.cloudimg.io/v7/__gmpics3__/75bca781f018410db7524caf12b97083.jpeg?width=1000,https://guide.michelin.com/kr/ko/seoul-capital-area/kr-seoul/restaurant/vinho
레귬,한국,서울,1스타,2026,"강남구 강남대로 652, 신사 스퀘어 2층, Seoul, 06027, KOR",+82 50-71365-1567,,비건,,,37.51938,127.01932,"오직 채소만으로 품격 있고 매력적인 요리를 만드는 건 결코 쉬운 일이 아니다. 하지만 레귬의 성시우 셰프는 이 어려운 일을 능숙하게 해 내고 있다. 어린 시절부터 채소 식단을 즐겨 채식에 대한 이해가 높았고, 새로운 시각으로 자신만의 채식 요리를 추구한 덕분이다. ‘100% 비건 요리’를 지향하는 레귬은 단순한 한 끼의 채식을 넘어 세련된 채식 다이닝의 스타일을 완성했고, 이를 통해 한국적인 채식의 다양성과 방향성을 보여 준다. 감각적인 모던 퀴진에 셰프의 능숙한 역량이 접목된 채식 기반의 비건 요리는 뚜렷한 정체성을 드러내며 창의적인 맛을 선사한다. 분명한 사실은, 레귬의 비건 요리가 채식주의자만이 아닌 모든 대중의 입맛을 사로잡을 수 있는 요리라는 점이다.",,https://axwwgrkdco.cloudimg.io/v7/__gmpics3__/68fe8da17272433690774f11b1dc4110.jpg?width=1000,https://guide.michelin.com/kr/ko/seoul-capital-area/kr-seoul/restaurant/legume
솔밤,한국,서울,1스타,2026,"강남구 학동로 231, 2층, Seoul, 06053, KOR",+82 70-4405-7788,,컨템퍼러리,,,37.516,127.03378,"솔밤에서의 저녁은 은은한 조명 아래 마련된 드로잉룸에서 음료와 스낵으로 시작된다. 이후 오픈 키친이 있는 밝고 널찍한 다이닝 공간으로 안내되며 본격적인 식사가 펼쳐진다. 셰프 오너 엄태준의 풍부한 경력과 섬세한 감각은 제철 재료와 만나 더욱 빛을 발하며, 눈과 입을 모두 만족시키는 독창적인 요리들로 완성된다. 꽃게와 콜리플라워, 전복과 죽순, 달래를 곁들인 한우 등 각 접시는 세련된 연출과 함께 포멀한 서비스 팀에 의해 극적으로 서빙된다. 더욱 풍성한 경험을 원한다면 3잔 또는 7잔 와인 페어링을 추천한다.",,https://axwwgrkdco.cloudimg.io/v7/__gmpics3__/721dac6b4c6945e7a5700f6c8efe4ce1.jpeg?width=1000,https://guide.michelin.com/kr/ko/seoul-capital-area/kr-seoul/restaurant/solbam
스시 마츠모토,한국,서울,1스타,2026,"강남구 도산대로 75길 24, Seoul, 06015, KOR",+82 2-543-4334,,스시,,,37.52535,127.04573,한국에서 스시 문화가 지금처럼 성장하기까지 많은 셰프들의 노력이 있었다. 특히 마츠모토 미즈호는 정통성을 로컬에서 표현하는 데 일가견이 있는 셰프로 손꼽힌다. 스시 마츠모토는 트렌디함을 추구하기보다 셰프가 일본 본토에서 익힌 스시 요리를 로컬에서 그대로 재현하는 데 많은 노력을 기울이고 있다. 샤리와 네타의 구성과 조합은 물론 손님을 접대하는 자세에서도 그러한 노력을 확인할 수 있다. 인상적인 츠마미 라인과 풍미의 강약이 자연스레 흐르는 니기리의 구성은 여전히 매력적이다.,,https://axwwgrkdco.cloudimg.io/v7/__gmpics3__/e6031286fd0b466a90940352176deab7.jpeg?width=1000,https://guide.michelin.com/kr/ko/seoul-capital-area/kr-seoul/restaurant/sushi-matsumoto-1195338
윤서울,한국,서울,1스타,2026,"강남구 선릉로 805, Seoul, 06019, KOR",+82 2-336-3323,,한식,,,37.52416,127.03906,"김도윤 셰프 오너는 식재료에 대한 깊은 애정과, 그중에서도 면에 대한 각별한 집착에 가까운 열정을 지닌 인물이다. 그의 레스토랑에서는 운 좋게 예약에 성공한 손님들이 카운터석에 앉아 요리의 진행 과정을 눈앞에서 지켜보며, 숙성·발효·건조 등 다양한 기법을 통해 생선과 육류에 깊이감 있는 풍미와 대비되는 식감을 더하는 과정을 직접 들을 수 있다. 끊임없이 배우고 스스로를 단련하는 셰프의 탐구심과 장인정신이 고스란히 담긴 요리 여정이다.",,https://axwwgrkdco.cloudimg.io/v7/__gmpics3__/9960c687386149129f83c9c48ebeaaaf.jpg?width=1000,https://guide.michelin.com/kr/ko/seoul-capital-area/kr-seoul/restaurant/yun
고료리 켄,한국,서울,1스타,2026,"강남구 언주로 152길 15-3, 2층, Seoul, 06021, KOR",+82 2-511-7809,,컨템퍼러리,,,37.52298,127.03478,"요리에 매진하는 셰프의 움직임 하나하나를 지켜볼 수 있는 여덟 석의 한정된 공간. 직접 발로 뛰어 선별한 신선한 재료에 창의적인 아이디어와 현대적인 조리법이 더해진 김건 셰프의 요리에는 고료리 켄이 꾸준히 지향해온 정체성이 담겨 있다. 늘 신선한 양질의 재료를 고객에게 제공하기 위해 모든 재료를 당일 소진한다는 셰프의 원칙에서 신뢰감을 느낄 수 있다. 한결같은 맛과 정성이 손님을 맞는 기본 자세라고 생각하는 김건 셰프, 그의 요리를 즐기기 위해 예약은 필수이다.",,https://axwwgrkdco.cloudimg.io/v7/__gmpics3__/3a98ede352474d6c9f84c5f29cbfa276.jpeg?width=1000,https://guide.michelin.com/kr/ko/seoul-capital-area/kr-seoul/restaurant/goryori-ken
라미띠에,한국,서울,1스타,2026,"강남구 도산대로 67길 30, 2층, Seoul, 06015, KOR",+82 2-546-9621,,프렌치,,,37.52591,127.04455,"장명식 셰프는 2006년부터 자신감 있게 완성도 높은 프렌치 요리로 손님들을 맞이해 왔다. 햇살이 잘 드는 2층 공간은 아늑하고 편안한 분위기를 자아내며, 세심하게 움직이는 서비스 팀이 전반적인 흐름을 매끄럽게 이끈다. 코스 메뉴는 계절감을 살린 다채로운 구성으로 색감과 담음새가 돋보이며, 식재료 본연의 맛을 살린 정제된 요리가 인상적이다. 한우 안심과 도피누아, 콜리플라워 퓨레의 조합은 그 대표적인 예로, 군더더기 없는 깔끔한 조리법이 식재료의 순수한 풍미를 고스란히 드러낸다.",,https://axwwgrkdco.cloudimg.io/v7/__gmpics3__/86b6a364fcab4bdbb4d664a003b67eb9.jpeg?width=1000,https://guide.michelin.com/kr/ko/seoul-capital-area/kr-seoul/restaurant/l-amitie
비채나,한국,서울,1스타,2026,"송파구 올림픽로 300, 롯데월드 타워 81층, Seoul, 05551, KOR",+82 2-3213-1261,,한식,,,37.5126,127.10253,"단아한 한식 다이닝의 비채나. 이곳의 차별화된 맛은 시간과 정성이 깃든 장과 김치 등 가장 기본적인 것에서부터 시작된다. 한식의 강점인 다양한 양념과 고유 향신료를 활용하여 한식 본질의 정체성을 나타내는 요리를 선보인다. 특히 그 요리를 단순화시키고 세련되게 소개하는 셰프의 노력이 빛을 발하는 장소이다. 단순히 비주얼 만이 아름다운 것이 아닌, 맛 마저 아름다운 장소에서 서울의 아름다운 전경도 함께 즐겨보시길 바란다.",,https://axwwgrkdco.cloudimg.io/v7/__gmpics3__/c59b265dc7c74453a21a163a4eecbfe7.jpg?width=1000,https://guide.michelin.com/kr/ko/seoul-capital-area/kr-seoul/restaurant/bicena
이스트,한국,서울,1스타,2026,"강남구 언주로 170길 26-6, 3층, Seoul, 06017, KOR",+82 70-8855-0470,,컨템퍼러리,,,37.5263,127.03556,"다양한 해석이 가능한 레스토랑의 이름처럼 요리의 다양성을 다채롭게 표현하는 레스토랑이다. 이스트의 조영동 셰프는 기존의 요리들을 자신만의 방식으로 재해석 하여 고객에게 즐거움을 선사한다. 조 셰프는 국내에서 흔히 볼 수 없는 재료를 조합해 요리의 맛을 새롭게 표현하기 위해 정성을 쏟는다. 카야 토스트를 모티브로 한 아뮤즈 부쉬(amuse bouche)는 물론, 한국의 갈비 요리를 다양한 버전으로 소개한 갈비 스톤 역시 익숙함 속에서 새로움을 추구하는 방식으로 고객에게 즐거움을 주는 요리들이다. 이처럼 새로움 이라는 컨셉을 중시하지만 요리 본연의 가치인 맛도 놓치지 않았다.",,https://axwwgrkdco.cloudimg.io/v7/__gmpics3__/1a66d233bab44f04a2144108369ffda6.jpeg?width=1000,https://guide.michelin.com/kr/ko/seoul-capital-area/kr-seoul/restaurant/y-east
제로 컴플렉스,한국,서울,1스타,2026,"용산구 서빙고로 59길 11-8, Seoul, 04384, KOR",+82 2-532-0876,,이노베이티브,,,37.52079,126.99285,"서울 한복판의 조용한 주택가, 예상치 못한 곳에 위치한 동빙고동으로 장소를 옮기며 세 번째 시즌으로 돌아온 제로 콤플렉스. 10년 이상의 시간과 함축된 경험을 바탕으로 이번에는 한국 셰프가 하는 양식- 코리안 프렌치를 선보인다. 자주 접하는 한식에서 영감을 받아 프랑스 식으로 풀어낸 그의 디시는 여전히 창의적이며 간결하다. 새로 시작하는 그들의 3막이 궁금하다면 경험해 보시길.",,https://axwwgrkdco.cloudimg.io/v7/__gmpics3__/e0b23a21fa094361b84bc9b1e9515b23.jpg?width=1000,https://guide.michelin.com/kr/ko/seoul-capital-area/kr-seoul/restaurant/zero-complex
레스토랑 산,한국,서울,1스타,2026,"강남구 언주로 168길 6, 지하1층, Seoul, 06020, KOR",+82-2-540-1729,,이노베이티브,,,37.52631,127.03391,"조승현 셰프의 레스토랑 ‘산(SAN)’은 모던 퀴진의 바탕 위에 창의적 감각을 더한 요리를 선보인다. 제철 식재료의 맛을 살리면서도 소스와의 조화를 통해 복합미와 절제미를 균형 있게 구현하는가 하면, 랍스터 젓갈이나 참외 동치미 등 한식 스타일의 요리에서는 형식에 얽매이지 않는 상상력이 느껴진다. 밀면과 돼지국밥 역시 한식의 풍미를 진하게 드러내면서도 셰프만의 해석이 돋보이는 요리이다. 나이테 디자인과 산봉우리 모양 천장이 어우러진 공간은 지하임에도 숲속에 있는 듯한 개방감을 주고, 은은한 조명과 절제된 서비스, 소믈리에의 와인 페어링이 차분한 미식 경험을 선사한다.",,https://axwwgrkdco.cloudimg.io/v7/__gmpics3__/71453e26b4344e80ae150533e1672ec9.jpg?width=1000,https://guide.michelin.com/kr/ko/seoul-capital-area/kr-seoul/restaurant/san
에스콘디도,한국,서울,1스타,2026,"용산구 한남대로 20길 61-7, 지하 1층, Seoul, 04419, KOR",+82 2-2038-8994,,멕시칸,,,37.53517,127.01046,진우범 셰프의 에스콘디도는 멕시칸 퀴진에 대한 셰프의 열정을 제대로 느낄 수 있는 곳이다. 진 셰프는 멕시칸 요리에 매료되어 멕시코로 건너갔고 요리와 문화를 배우며 차곡차곡 실력을 쌓았다. 그는 에스콘디도에서 정통 멕시칸 요리를 바탕으로 자신만의 스타일을 추구한다. 또한 어떤 요리이든 기본이 되는 토르티야와 몰레의 특성을 잘 살림으로써 미묘한 맛의 차이를 느끼게 한다. 에스콘디도의 요리와 함께 테킬라와 메즈칼 페어링이나 칵테일 페어링을 곁들이면 더욱 깊이 있는 맛을 느낄 수 있으니 꼭 경험해 보시기를 추천한다.,,https://axwwgrkdco.cloudimg.io/v7/__gmpics3__/64dfd221d68249e69b2c574f31166cd8.jpg?width=1000,https://guide.michelin.com/kr/ko/seoul-capital-area/kr-seoul/restaurant/escondido
소설한남,한국,서울,1스타,2026,"용산구 한남대로 20길 21-18, 지하 1층, Seoul, 04419, KOR",+82 2-797-5995,,한식,,,37.53528,127.00914,"한 편의 소설(小說) 같은 한식. ‘서울의 현 시대를 반영한 한식(SO SEOUL)’이라는 중의적 의미를 갖고 있는 '소설한남'은 소박하고 정갈한 한식을 현대적으로 재해석하는 곳이다. 맛의 조화가 곧 한식의 매력이라고 생각한다는 셰프는 한국인에게 너무 익숙하기 때문에 감동적인 식사를 제공하기 어려울 수 있는 무침, 지짐, 찜 등의 요리를 친숙한 재료를 활용해 만들어 낸다. 다시마 부각과 청국장, 곰취와 묵은지를 곁들여 먹는 생선회를 비롯해 숯불구이 주꾸미와 닭 요리도 별미이다.",,https://axwwgrkdco.cloudimg.io/v7/__gmpics3__/e9d0a7c2d3464d7ca1e9c4353aaced74.jpg?width=1000,https://guide.michelin.com/kr/ko/seoul-capital-area/kr-seoul/restaurant/soseoul-hannam
뛰뚜아멍,한국,서울,1스타,2026,"성동구 광나루로 11길 20, Seoul, 04801, KOR",+82 2-499-9056,,프렌치,,,37.54969,127.0666,"'뛰뚜아멍(Tutoiement)'은 '말 놓기', '반말'이라는 뜻이다. 격식을 차리기보다 요리를 매개로 편안하게 고객과 소통하겠다는 김도현 셰프의 의도가 담긴 공간이다. 그래서인지 이곳에서는 식사하는 내내 차분한 분위기와 따뜻한 서비스를 경험하며 편안하게 다이닝을 즐길 수 있다. 흥미로운 사실은, 소탈함을 지향하는 셰프의 바람과 달리 디테일의 완성도가 뛰어난 세련된 프렌치 퀴진이 후각과 미각을 자극해 요리에 집중하게 만든다는 점이다. 요리를 통해 표현하고자 하는 식재료의 세밀한 맛과 질감, 풍미를 살리면서 소스와의 어우러짐을 감안한 배치와 조합이 매력적이다. 셰프는 자신이 쌓아온 요리 경력이 누군가를 오마주하거나 흉내 내기 위한 것이 아니라는 점을 뛰뚜아멍에서 증명하면서 오래 기억되는 맛의 여운을 제공하고 있다.",,https://axwwgrkdco.cloudimg.io/v7/__gmpics3__/1bf16a1777294806a3f73dafd30317eb.jpg?width=1000,https://guide.michelin.com/kr/ko/seoul-capital-area/kr-seoul/restaurant/tutoiement
라망 시크레,한국,서울,1스타,2026,"중구 퇴계로 67, 레스케이프 호텔 26층, Seoul, 04529, KOR",+82 2-317-4003,,컨템퍼러리,,,37.55983,126.97949,"'‘비밀스러운 연인'을 뜻하는 ‘라망 시크레’. 레스케이프 호텔 26층에 자리 잡고 있는 이곳은 그 이름처럼 비밀스러운 분위기의 공간에 세련된 인테리어로 손님들을 맞는다. 미국에서 오랜 경력을 쌓고 돌아온 손종원 셰프는 '한국 스타일의 제철 재료를 이용한 양식'을 현대적으로 풀어 낸다. 한국의 다양한 식재료를 서양 요리의 테크닉과 접목시켜 만들어 내는 음식은 신선하면서도 사뭇 익숙하게 다가온다. ‘라망 시크레’에서는, 좋은 재료와 그 재료를 공급하는 생산자의 마음이 주방을 거쳐 손님에게 전달되는 소통 과정을 중시하는 셰프의 마음을 느낄 수 있다.",,https://axwwgrkdco.cloudimg.io/v7/__gmpics3__/cc39c9cc75ac4b01a24bbcb5b8ffc01b.jpeg?width=1000,https://guide.michelin.com/kr/ko/seoul-capital-area/kr-seoul/restaurant/l-amant-secret
소울,한국,서울,1스타,2026,"용산구 신흥로 26길 35, 지하 1층, Seoul, 04337, KOR",+82 2-318-7685,,컨템퍼러리,,,37.54533,126.98443,"근대 서울의 흔적이 아직 남아 있는 해방촌에서 감각적인 파인 다이닝에 도전한 윤대현 셰프와 김희은 셰프의 소울. 이곳은 현대 한국에서 접할 수 있는 여러 식문화와 재료, 그리고 일상에서 접할 수 있는 익숙한 맛을 감각적으로 풀어낸 요리를 선보인다. 레스토랑 이름에는 여러 의미가 함축되어 있지만 그 이름처럼 소울이 담긴 요리를 전하고자 하는 셰프의 마음이 모든 음식에서 느껴진다. 윤 셰프는 자신의 반려자이자 동료인 김희은 셰프와 함께 건물 내부에 다양한 공간을 구성함으로써 여러 스타일의 다이닝을 즐길 수 있게 했다.",,https://axwwgrkdco.cloudimg.io/v7/__gmpics3__/6bdba90bd4124846b68c010849fc8e74.jpeg?width=1000,https://guide.michelin.com/kr/ko/seoul-capital-area/kr-seoul/restaurant/soul-dining
기가스,한국,서울,1스타,2026,"중구 퇴계로 6가길 30, 3층, Seoul, 04635, KOR",+82 2-3448-9929,,지중해식,,,37.55696,126.97809,"기가스는 자연과 계절의 향이 살아 있는 신선한 채소와 허브로 매력적인 지중해 요리를 선보인다. 모든 재료는 40km 떨어진 가족 농장에서 공급받고 있다. 기가스는 신선한 재료를 농장에서 바로 식탁에 올리는 '팜투테이블(farm-to-table)'을 서울이라는 대도시 안에서 차근차근 실천해 가고 있다. 정하완 셰프는 친자연적 식재료를 활용하여 기가스만의 지중해 퀴진을 추구한다. 정통 지중해 레시피에 셰프의 개성을 더한 요리가 색다른 완성도와 방향성을 느끼게 한다. 돌과 나무로 꾸민, 자연 친화적 다이닝 공간에서 자연이 주는 식재료의 매력을 느낄 수 있는 곳이다.",,https://axwwgrkdco.cloudimg.io/v7/__gmpics3__/0549a0b5b28d4c8b94d3f11394e5001c.jpg?width=1000,https://guide.michelin.com/kr/ko/seoul-capital-area/kr-seoul/restaurant/gigas
유 유안,한국,서울,1스타,2026,"종로구 새문안로 97, 포시즌스 호텔 11층, Seoul, 03183, KOR",+82 2-6388-5500,,중식,,,37.57049,126.97545,"포시즌스 호텔에 자리한 이 세련되고 안락한 중국 레스토랑에 들어서면, 많은 손님들이 즐겨 찾는 북경오리 캐비닛이 먼저 시선을 사로잡는다. 메뉴는 광둥 요리를 중심으로 구성되어 있으며, 점심 시간 딤섬은 늘 인기 만점이고 선택의 폭도 넓다. 그 외에도 중국 각 지역의 특색 있는 요리들을 만나볼 수 있는데, 특히 생강을 곁들여 웍에 볶아낸 횡성 한우 요리는 꼭 눈여겨볼 만한 시그니처 메뉴다.",,https://axwwgrkdco.cloudimg.io/v7/__gmpics3__/5fa2110a2cd34151ac9d1d3791f1b374.jpeg?width=1000,https://guide.michelin.com/kr/ko/seoul-capital-area/kr-seoul/restaurant/yu-yuan
온지음,한국,서울,1스타,2026,"종로구 효자로 49, 4층, Seoul, 03043, KOR",+82 2-6952-0024,,한식,,,37.58048,126.97345,"경복궁 돌담길이 가진 전통미와 '온지음'이 위치한 주택가의 현대미가 길 하나를 사이에 두고 조화롭게 공존한다. 레스토랑 내부에서 확인할 수 있는 한국의 전통 의식주 양식 역시 모던한 외관과 대조를 이루며 과거와 현재가 공존하고 있음을 느끼게 한다. 조선 왕조 궁중 음식 이수자 조은희, 박성배 셰프, 그리고 이들이 이끄는 젊은 팀원들이 한식의 깊은 뿌리를 지키되, 오늘의 변화된 식생활, 재료, 조리기술 등을 고려하여 재해석한 전통 한식 메뉴를 선보이며, 오랜 연구 끝에 탄생한 아름다운 음식을 통해 감동을 얻을 수 있는 곳이다. 카운터석에 앉아 주방의 생생한 움직임을 감상해 보는 것도 좋겠다. 또한 섬세하게 구성된 페어링 음료와 함께한다면 더욱 완성도 높은 식사 경험이 될 것이다.",,https://axwwgrkdco.cloudimg.io/v7/__gmpics3__/3736579f7a9949b4a47834df583bb065.jpeg?width=1000,https://guide.michelin.com/kr/ko/seoul-capital-area/kr-seoul/restaurant/onjium
레스토랑 주은,한국,서울,1스타,2026,"서울 종로구 경희궁길 36, 경희당 8층, Seoul, 03175, KOR",+82 2-540-8580,,한식,,,37.57276,126.96991,"한국의 계절과 절기를 품은 전통 한식을 셰프만의 방식으로 해석한 레스토랑이다. 요리에는 최신 유행이나 과한 장식 대신 클래식한 품격이 은은히 묻어난다. 코스 요리에 쓰인 다양한 장류가 식재료 본연의 맛과 발효의 풍미를 자연스럽게 이어 준다. 계절마다 달라지는 코스의 맛을 즐길 수 있어 주기적으로 방문할 가치가 있다. 코스 요리는 맛의 기승전결이 돋보이도록 구성되어 있고, 메인으로 나오는 한상 요리에서는 정통 한식의 다양한 맛이 돋보인다. 내부 공간 역시 도기 작가의 기물과 한국풍 미디어 아트가 어우러져 세련미와 전통미를 자아낸다. 엄선된 전통주와 와인 페어링도 요리를 빛나게 하는 요소이니 함께 즐겨 볼 것을 권한다.",,https://axwwgrkdco.cloudimg.io/v7/__gmpics3__/a2aa82e68f6146d5b0bd455eca0bfa15.jpg?width=1000,https://guide.michelin.com/kr/ko/seoul-capital-area/kr-seoul/restaurant/restaurant-jueun
송헌집,한국,서울,1스타,2026,"수영구 민락로 19번길 18, Busan, 48285, KOR",+82 51-711-4648,,한식,,,35.15654,129.12146,전통주와 함께 즐기는 한식 요리부터 국수 요리까지 한식의 다양한 스펙트럼을 부산에서 선보여 온 송헌집. 셰프가 새로 문을 연 떡갈비 한상차림 식당이다. 그윽한 숯향과 풍부한 육즙의 두툼한 떡갈비는 따뜻한 밥 한 숟가락과 멋지게 어울린다. 떡갈비 백반답게 상을 가득 채운 맛깔스런 반찬과 바특한 된장찌개 역시 떡갈비 못지않은 맛을 자랑한다. 작은 마당이 딸린 이층 주택을 개조한 식당은 1990년대 가정집의 아늑한 분위기를 자아낸다.,,https://axwwgrkdco.cloudimg.io/v7/__gmpics3__/3e953e7c4949462196becd3a2ed0825c.jpeg?width=1000,https://guide.michelin.com/kr/ko/busan-region/busan_1025838/restaurant/songheonjip
묵정,한국,서울,1스타,2026,"중구 퇴계로48길 17, Seoul, 04619, KOR",+82 10-8350-6743,,한식,,,37.56181,127.00053,"한국계 미국인 셰프 오스틴 강이 운영하는 곳이다. 음식이 곧 약이라는 한식의 철학에 매료되어 ‘한국식 발효 음식’을 표방하며 발효 식품과 장을 직접 만들어 사용한다. 전통 한식을 제공하지만 비주얼은 캐주얼하고 현대적이다. 표고버섯 새우전은 밀가루 없이 버섯 위에 다진 새우살을 올린 후 직접 만든 멸치젓을 넣은 아이올리 소스와 함께 제공된다. 천천히 익히는 메인 음식인 닭고기는 식감이 부드럽고 로즈마리와 레몬, 오렌지를 넣어 깊은 향이 밴 찹쌀밥은 직접 만든 반찬과 잘 어우러진다. 메인 요리와 함께 나오는 각종 수제 장아찌와 김치는 풍부한 발효의 맛과 깊고 다채로운 풍미가 동시에 느껴진다. 메인 요리는 준비 시간 때문에 하루 전에 미리 선택해야 한다.",,https://axwwgrkdco.cloudimg.io/v7/__gmpics3__/d746f529d4bf47aab6c054bb20c9d87e.jpeg?width=1000,https://guide.michelin.com/kr/ko/seoul-capital-area/kr-seoul/restaurant/mukjung
소넷,한국,서울,1스타,2026,"강남구 선릉로 157길 33, 3층, Seoul, 06018, KOR",+82 2-6953-5999,,프렌치 컨템퍼러리,,,37.52628,127.03704,"프렌치 음식을 기반으로 한 캐주얼 다이닝을 선보이는 소넷. 커다란 바 테이블이 주방을 감싸고 있는 구조로 셰프들이 조리하는 모습을 직접 보면서 음식을 즐길 수 있다. 다양한 한입 거리 음식부터 분자 요리법을 적용한 디저트까지 갖가지 비주얼과 맛을 경험해 볼 수 있다. 닭 간 무스를 넣은 코코아 롤에 트러플과 라즈베리 잼을 함께 서빙하는 디시는 두 가지 맛과 풍미를 느낄 수 있고, 직접 만든 메밀 파스타와 신선한 조개, 캐비어를 넣은 파스타에서 깊고 진한 맛과 짙은 메밀 향을 느낄 수 있다. ‘소넷’은 프랑스어로 짧은 노래를 뜻하는데 작은 요리로 구성된 코스를 선보이는 이곳에 딱 맞는 이름이다.",,https://axwwgrkdco.cloudimg.io/v7/__gmpics3__/7801dcd17d7d4b84abfef258fa906cde.jpg?width=1000,https://guide.michelin.com/kr/ko/seoul-capital-area/kr-seoul/restaurant/sonnet-1241886
옥돌현옥,한국,서울,1스타,2026,"송파구 오금로 36길 26-1, Seoul, 05700, KOR",+82 2-404-4824,,냉면,,,37.50153,127.12408,오로지 메밀만을 사용해 씹을수록 메밀의 구수함이 느껴지는 순면에 고소하고 진한 육수와 풍부한 메밀향을 느낄 수 있는 옥돌현옥. 생긴 지는 그리 오래 되지 않았지만 평양냉면 마니아들 사이에서는 호평을 받는 곳이다. 두부가 많이 들어가 구수한 만두를 비롯해 어복쟁반과 가자미식해도 인기 메뉴이다. 콜키지를 지불하면 와인과 함께 즐길 수도 있다. 슴슴하지만 깊은 맛을 즐겨보시길.,,https://axwwgrkdco.cloudimg.io/v7/__gmpics3__/d7066057313b4ebc82650dd10cd73dc6.jpeg?width=1000,https://guide.michelin.com/kr/ko/seoul-capital-area/kr-seoul/restaurant/okdol-heyonok
임병주 산동 칼국수,한국,서울,빕구르망,2026,"서초구 강남대로 37길 65, Seoul, 06734, KOR",+82 2-3473-7972,,칼국수,,,37.48458,127.02988,"1988년에 문을 열어 30년 이상의 긴 역사를 자랑하는 임병주 산동 칼국수. 매일 신선한 재료로 직접 만들어내는 수제 칼국수를 찾는 사람들은 여전하다. 기분 좋은 쫄깃한 식감과 푸짐하게 들어간 조개에서 우러나온 시원한 국물 맛이 일품이다. 더불어 평양식 왕만두, 고소한 콩국수, 물고추를 갈아 만든 겉절이까지 여전히 맛있는 음식을 즐길 수 있다.",,https://axwwgrkdco.cloudimg.io/v7/__gmpics3__/b843597257734f849040048d05fa3d8e.jpeg?width=1000,https://guide.michelin.com/kr/ko/seoul-capital-area/kr-seoul/restaurant/limbyungjoo-sandong-kalguksu
곰탕랩,한국,서울,빕구르망,2026,"강남구 테헤란로 517, 현대백화점 10층, Seoul, 06164, KOR",+82 2-517-4656,,곰탕,,,37.50859,127.05971,"현대백화점 10층 식당가로 이전 오픈한 곰탕랩은 임정식 셰프가 사랑하는 메뉴인 곰탕과 각종 국물 요리를 연구·개발하는 공간으로, 다양한 탕 요리를 한자리에서 맛볼 수 있다. 시그니처인 콜라겐 곰탕은 사골·스지·우족·꼬리를 10시간 이상 푹 고아 걸쭉한 점성과 깊은 풍미를 자랑하며, 양곰탕과 조개곰탕, 구수한 평양냉면, 소고기 라면 등 메뉴 구성이 폭넓다. 반상을 주문하면 명란두부, 김치전, 만두 등 다양한 사이드 디시를 한 상에 즐길 수 있고, 수육과 함께 전통주를 곁들이기에도 좋은 메뉴들이 준비되어 있다. 웨이팅이 긴 편이므로 개점 시간에 맞춰 방문하는 것을 추천한다.",,https://axwwgrkdco.cloudimg.io/v7/__gmpics3__/10da054538cb4fb4b23baed509fcbe75.jpg?width=1000,https://guide.michelin.com/kr/ko/seoul-capital-area/kr-seoul/restaurant/gomtang-lab
3대 삼계장인,한국,서울,빕구르망,2026,"서초구 반포대로 28길 56-3, Seoul, 06646, KOR",+82 50-71465-2294,,삼계탕,,,37.49135,127.01155,"서초동의 이름난 집으로, 40가지가 넘는 재료를 넣어 끓인 진한 국물에 곱게 간 녹두와 잣, 쑥 페이스트를 넣은 세 가지 삼계탕이 이곳의 대표 메뉴다. 식당 이름처럼 사장은 1973년부터 시작된 가업을 3대째 이어 가고 있다. 고소한 곡물이 들어간 걸쭉한 국물은 진한 맛과 깊은 향이 일품이고 고기는 영계만을 사용해 육질이 아주 부드럽다. 닭과 재료를 압력솥에 넣고 푹 끓여 고기와 녹두, 잣, 쑥이 향긋하게 잘 어우러진다. 대기 줄이 긴 편이니 서둘러 갈 것을 권한다.",,https://axwwgrkdco.cloudimg.io/v7/__gmpics3__/35f77899e5b2409ea80b89d70f37f52d.jpeg?width=1000,https://guide.michelin.com/kr/ko/seoul-capital-area/kr-seoul/restaurant/3rd-samgyetang
면서울,한국,서울,빕구르망,2026,"강남구 선릉로 805, Seoul, 06019, KOR",+82 50-71449-8878,,국수,,,37.52416,127.03906,"김도윤 셰프가 윤서울에 이어 두 번째로 문을 연 공간이다. 윤서울에서 선보였던 자가 제면 요리를 따로 판매해 달라는 요청에 따라 오픈한 곳이다. 화학 첨가물 없이 통밀과 녹두, 백태만으로 면을 뽑는데 최적의 조합을 위해 국내산과 프랑스산, 터키산 통밀을 섞어 사용한다. 신선하고 고소한 면의 맛을 오롯이 느낄 수 있는 들기름면 외에 알싸한 양념의 비빔면, 고사리와 들깨로 맛을 낸 고사리면도 일품이다. 반주로 판매하는 전통주도 한 잔 곁들이기를 추천한다.",,https://axwwgrkdco.cloudimg.io/v7/__gmpics3__/d5ed3eadc72d41fabec6c96deb99426c.jpeg?width=1000,https://guide.michelin.com/kr/ko/seoul-capital-area/kr-seoul/restaurant/myeon-seoul
꿉당,한국,서울,빕구르망,2026,"서초구 강남대로 615, Seoul, 06524, KOR",+82 2-545-9600,,바비큐,,,37.5166307,127.0188926,돼지 목살 전문점 ‘꿉당’. 신사역 바로 앞에 위치한 꿉당은 15일간 숙성한 목살이 주 메뉴다. 직접 제작한 알루미늄 불판과 비장탄 위에서 빠르게 구워 낸 고기는 풍부한 육즙과 부드러운 지방이 일품이다. 일식 셰프의 컨설팅을 받았다는 쌀밥에 고추냉이를 곁들여 스시처럼 만들어 먹으면 육즙이 밴 부드러운 밥맛을 맛볼 수 있으니 꼭 함께 주문할 것.,,https://axwwgrkdco.cloudimg.io/v7/__gmpics3__/59fd3d76e7a144dab4e993c966fe05bf.jpeg?width=1000,https://guide.michelin.com/kr/ko/seoul-capital-area/kr-seoul/restaurant/ggupdang
게방식당,한국,서울,빕구르망,2026,"강남구 선릉로 131길 17, Seoul, 06060, KOR",+82 10-8479-1107,,게장,,,37.51727,127.03942,"흡사 소담한 카페테리아나 베이커리를 연상시키는 외관과는 달리 이곳은 게장 전문점이다. 패션 마케터 방건혁 대표와 25년간 게장 전문점을 운영해온 부모님의 합작으로 탄생한 게방식당에선 게장이라는 한식 메뉴를 보다 다양한 고객층에게 선보이고자 노력한다. 이곳엔 간장게장과 양념게장 세트뿐만 아니라 좀 더 먹기 수월한 게알 백반, 전복장 백반, 새우장 백반까지 다양한 메뉴가 준비되어 있다. 세트에는 기본적으로 밥과 국, 기본 반찬을 함께 제공하며, 테이크아웃도 가능하다.",,https://axwwgrkdco.cloudimg.io/v7/__gmpics3__/8df2bea66fea4609b97093c6f33aee44.jpeg?width=1000,https://guide.michelin.com/kr/ko/seoul-capital-area/kr-seoul/restaurant/gebang-sikdang
스바루,한국,서울,빕구르망,2026,"서초구 방배중앙로 21길 7, Seoul, 06560, KOR",+82 2-596-4882,,소바,,,37.49234,126.98611,"“소바의 본고장과 다름없는 맛을 구현하여 고객에게 최고의 소바를 제공하겠다.”는 철학으로 끊임없는 연구와 개발을 지속해온 강영철 셰프. 오랜 일본 생활에서 경험한 소바의 순수한 맛에 매료되어 지금까지 소바를 위한 한길을 걷고 있다. 셰프는 별도의 제면실을 두고 전통 방식으로 맷돌을 이용해 그날그날 소바 면을 뽑는데, 전통적으로 에도시대의 면과 같은  밀과 메밀의 비율을 2:8로 맞춘 니하치 스타일의 소바를 고수한다. 소바의 순수한 맛이 강점인 자루 소바를 비롯해 깊은 감칠맛의 오리 메밀과 들기름 메밀이 스바루에서 가장 인기 있는 대표 메뉴이다.직접 족타로 쫄깃하게 만든 우동면을 사용하는 메뉴도 즐길 수 있다.",,https://axwwgrkdco.cloudimg.io/v7/__gmpics3__/2fc30873a42641b798156aca7fa0759a.jpeg?width=1000,https://guide.michelin.com/kr/ko/seoul-capital-area/kr-seoul/restaurant/subaru
만두집,한국,서울,빕구르망,2026,"강남구 압구정로 338, Seoul, 06018, KOR",+82 2-544-3710,,만두,,,37.52785,127.03898,"청담동 일대의 고급 레스토랑 사이에서 30년 넘게 만두 하나로 명성을 이어온 이 집은, 돌아가신 어머니의 손맛을 지키고자 하는 현 대표의 정성과 꾸준함이 고스란히 담겨 있다. 소박하면서도 정갈한 평안도식 만둣국이 대표 메뉴로, 정성껏 빚은 만두를 양지머리를 푹 고아낸 맑고 감칠맛 나는 육수에 담아 내며, 취향에 따라 매운 양념을 빼달라고 요청할 수도 있다. 문을 열기 무섭게 자리가 금세 차는 이곳은 지역 주민들에게 꾸준한 사랑을 받는 곳으로, 단품으로 즐길 수 있는 녹두전 껍질로 부친 빈대떡과 청양고추 고추전도 빼놓기 어렵다. 단출한 구성 속에서도 깊은 풍미와 따뜻한 정서를 전해주는, 담백하면서도 힘 있는 맛의 식당이다.",,https://axwwgrkdco.cloudimg.io/v7/__gmpics3__/fa23f8d5c876499da82817c8ff425478.jpeg?width=1000,https://guide.michelin.com/kr/ko/seoul-capital-area/kr-seoul/restaurant/mandujip
양양 메밀 막국수,한국,서울,빕구르망,2026,"서초구 동광로 15길 10, Seoul, 06561, KOR",+82 2-3482-3738,,메밀국수,,,37.49247,126.98826,"100% 순수 메밀만을 사용하고 주문을 받은 후에 제면 작업을 시작하는 것을 원칙으로 하는 것이 양양 메밀 막국수의 비결이라면 비결이다. 십 수년간 메밀 막국수 식당을 운영해온 이유도 대표 자신이 막국수를 너무 좋아해서라고. 메밀 막국수가 대표 메뉴지만 직접 담근 김치를 이용한 김치 비빔국수 또한 이곳의 별미다. 기본 상차림은 단출하지만 정성이 가득하고, 무엇보다 주력 메뉴인 막국수 맛이 변함없이 훌륭하다. 11월 김장철에는 열흘간 영업을 하지 않으니 참고하기 바란다.",,https://axwwgrkdco.cloudimg.io/v7/__gmpics3__/65999fc616c549a881864cc9b41beb7e.jpeg?width=1000,https://guide.michelin.com/kr/ko/seoul-capital-area/kr-seoul/restaurant/yangyang-memil-makguksu
맷돌,한국,서울,빕구르망,2026,"성동구 성덕정길 63, Seoul, 04775, KOR",+82 10-4886-2928,,멕시칸,,,37.53808,127.05065,"레스토랑 맷돌은 남다른 도전 의식을 가지고 요리사로서 실력을 키워온 이창윤 셰프의 멕시칸 퀴진 레스토랑이다. 그가 가장 공을 들이는 건 멕시코 요리에 두루 쓰이는 토르티야다. 맷돌에 가면 그가 멕시코에서 배운 대로 마사를 손으로 눌러 가며 토르티야를 만드는 모습을 종종 볼 수 있다. 이렇게 셰프가 직접 만든 토르티야가 들어간 맷돌의 토스타다와 타코를 먹어 보면, 식감과 풍미가 천편일률적인 기존의 토르티야 요리와는 차원이 다르다는 것을 느끼게 된다. 셰프가 배우고 익힌 여러 요리 스타일을 한국의 제철 식재료에 접목시켜 완성한 맷돌의 멕시칸 퀴진은 직관적인 맛으로 미식가의 입을 즐겁게 한다.",,https://axwwgrkdco.cloudimg.io/v7/__gmpics3__/d3547ada8b604474882354fea11cf395.jpeg?width=1000,https://guide.michelin.com/kr/ko/seoul-capital-area/kr-seoul/restaurant/mattdol
계월,한국,서울,빕구르망,2026,"성동구 성덕정 3길 8, Seoul, 04774, KOR",+82 70-8703-0310,,곰탕,,,37.53952,127.04762,"힙한 분위기의 성수동 인근에 자리한 이 식당은 한국식 닭곰탕을 전문으로 하며 젊은 손님들에게 특히 인기가 많다. 저온 조리한 닭가슴살을 따뜻한 밥 위에 얹고, 아삭하게 데친 얼갈이배추와 기름기를 걷어낸 맑은 육수를 더해 담백하면서도 깊은 맛을 낸다. 점심에는 매콤한 닭무침과 된장을 발라 토치로 구워낸 닭 수육을 합리적인 가격의 곁들임 메뉴로 즐길 수 있으며, 여름철에는 차가운 국수도 제공한다.",,https://axwwgrkdco.cloudimg.io/v7/__gmpics3__/7de3886a44784059b3f1c9e3d5616da4.jpg?width=1000,https://guide.michelin.com/kr/ko/seoul-capital-area/kr-seoul/restaurant/kyewol-gomtang
옥돌현옥,한국,서울,빕구르망,2026,"송파구 오금로 36길 26-1, Seoul, 05700, KOR",+82 2-404-4824,,냉면,,,37.50153,127.12408,오로지 메밀만을 사용해 씹을수록 메밀의 구수함이 느껴지는 순면에 고소하고 진한 육수와 풍부한 메밀향을 느낄 수 있는 옥돌현옥. 생긴 지는 그리 오래 되지 않았지만 평양냉면 마니아들 사이에서는 호평을 받는 곳이다. 두부가 많이 들어가 구수한 만두를 비롯해 어복쟁반과 가자미식해도 인기 메뉴이다. 콜키지를 지불하면 와인과 함께 즐길 수도 있다. 슴슴하지만 깊은 맛을 즐겨보시길.,,https://axwwgrkdco.cloudimg.io/v7/__gmpics3__/d7066057313b4ebc82650dd10cd73dc6.jpeg?width=1000,https://guide.michelin.com/kr/ko/seoul-capital-area/kr-seoul/restaurant/okdol-heyonok
정면,한국,서울,빕구르망,2026,"광진구 능동로 13길 88, Seoul, 05012, KOR",+82 10-9974-3592,,국수,,,37.54551,127.06866,"7석 남짓의 스테인리스 테이블과 오픈형 주방이 전부인 이곳. ‘뜻이 담긴 국수’라는 뜻의 정면은 셰프가 홀로 운영하는 고기 국수 집이다. 메뉴는 백면과 홍면, 딱 두가지가 전부이지만 깊은 맛 하나는 일품이다. 해물과 돼지고기, 닭고기를 이용해 만든 육수에서 깊은 맛을 느낄 수 있으며 얇게 저민 쫄깃한 돼지고기와 양파, 홍고추가 올라간 쌀국수는 보기만 해도 풍성하다. 홍면은 맵기 조절이 가능하며 작은 공깃밥이 함께 나와 배부른 한 끼를 즐길 수 있다.",,https://axwwgrkdco.cloudimg.io/v7/__gmpics3__/a4b59b5ac9d541e9a23cfabaa2434e55.jpeg?width=1000,https://guide.michelin.com/kr/ko/seoul-capital-area/kr-seoul/restaurant/jeongmyeon
능동미나리,한국,서울,빕구르망,2026,"용산구 한강대로 40길 28, Seoul, 04386, KOR",+82 50-71388-1035,,곰탕,,,37.53008,126.97078,능동미나리의 곰탕은 초록색 미나리가 수북하게 쌓여 있어 얼핏 보면 이게 탕인지 분간이 가지 않는다. 맑고 깔끔한 국물에 미나리의 알싸한 맛이 시원함을 배가시키는 이 곰탕은 그날그날 도축한 신선한 한우와 맑은 물에서 키운 미나리를 사용하여 담백하고 잡내가 없다. 입장하려면 늘 대기를 해야 하지만 한입 맛보면 기다림이 아깝지 않을 맛이다.,,https://axwwgrkdco.cloudimg.io/v7/__gmpics3__/d26f9d2c295e4296a16ea71a0d5779aa.jpeg?width=1000,https://guide.michelin.com/kr/ko/seoul-capital-area/kr-seoul/restaurant/neungdong-minari
유한,한국,서울,빕구르망,2026,"용산구 대사관로 5길 10-5, Seoul, 04400, KOR",+82 70-8691-1509,,타이,,,37.53482,127.00108,"유한은 작지만 세련된 타이 비스트로다. 한남동 골목 안 깊숙이 숨어 있어 초행길이면 찾기가 쉽지 않다. 태국에서 요리를 공부하고 돌아온 김유한 셰프의 공간으로, 이름은 익숙하지만 처음 접하는 메뉴를 선보인다. 태국식 소시지, 숯에 구운 오징어 등 다양한 계절 메뉴와 태국식 커리 요리까지 다양한 맛을 경험해 볼 수 있다. 요리와 궁합이 좋은 내추럴 와인을 추천받을 수 있으니 함께 즐기기를 추천한다.",,https://axwwgrkdco.cloudimg.io/v7/__gmpics3__/73dd20f7c814430d85c7549879458136.jpeg?width=1000,https://guide.michelin.com/kr/ko/seoul-capital-area/kr-seoul/restaurant/youhan
오일제,한국,서울,빕구르망,2026,"용산구 한강대로 62다길 29, Seoul, 04382, KOR",+82 70-8831-5534,,한식,,,37.53254,126.97473,"오일제는 들깨 미역국 하나로 손님들의 발길을 붙잡는 곳이다. 오일제의 미역국은 맑지만 깊은 맛의 육수와 들깨의 고소함이 조화롭게 어우러져 진한 국물의 풍미를 선사한다. 미역을 찍어 먹는 특제 맛간장, 갓 지은 밥과 안성맞춤인 낙지 젓갈과 갓김치 등 정갈한 반찬들도 단출해 보이는 반상 안에서 풍부한 맛의 조화를 만들어 낸다. 가마솥에 끓여 낸 미역국과 당일 도정한 밥 맛은 전통적이면서도 매력적이다. 시선을 사로잡는 주방의 가마솥과 밥 짓는 과정이 한눈에 보이는 깨끗한 주방이 깊은 신뢰감을 느끼게 한다. 금요일 저녁에는 오일제만의 특별한 생일상을 운영하는데 일반적인 들깨 미역국이 아닌, 생일을 맞은 손님을 위한 정성스러운 상차림을 준비하여 따뜻한 감성과 함께 특별한 경험을 선사한다. 미역국 한 그릇에 소박함의 미학을 정성껏 담아낸 곳이다.",,https://axwwgrkdco.cloudimg.io/v7/__gmpics3__/9b6f08055a864528a3ce092ccbb85d88.jpeg?width=1000,https://guide.michelin.com/kr/ko/seoul-capital-area/kr-seoul/restaurant/oilje
알트에이,한국,서울,빕구르망,2026,"용산구 보광로 109, Seoul, 04391, KOR",+82 2-790-8688,,비건,,,37.53245,126.99446,"100% 식물성 재료와 대체육을 사용해 중식을 만드는 곳이다. 중식인데 비건식이라니? 고기를 넣지 않은 중식은 대체 어떤 맛일까 궁금했는데 비건식이 낯선 사람도 즐길 수 있는 맛은 기본이고 기름기가 적어 소화도 잘되는 음식이 준비되어 있다. 탕수육과 유린육 등 대체육을 사용했다고 말하지 않으면 모를 쫄깃한 튀김 요리는 물론 비건 짬뽕까지 맛볼 수 있다. 비건식으로서도, 중식으로서도 훌륭한 식당이다.",,https://axwwgrkdco.cloudimg.io/v7/__gmpics3__/9dd933930e3d4a0980402eae7e926af2.jpeg?width=1000,https://guide.michelin.com/kr/ko/seoul-capital-area/kr-seoul/restaurant/alt-a
금돼지식당,한국,서울,빕구르망,2026,"중구 다산로 149, Seoul, 04607, KOR",+82 10-4484-8750,,바비큐,,,37.55705,127.01165,"신당동 길가에 자리한, 흰색 타일에 황금색 간판이 눈에 띄는 금돼지식당은 식사 시간이 아닌데도 문밖으로 길게 줄 서 있는 풍경이 낯설지 않을 만큼 인기가 높다. 이곳의 대표는 살코기의 풍부한 육즙, 탄력 있고 쫄깃한 식감, 그리고 지방의 풍미가 잘 살아 있는 돼지 품종을 찾기 위해 오랜 시간을 투자했는데, 이전에 YBD에서 최상급 선별육으로 변경해 풍미를 더욱 끌어올렸다. 갈비뼈가 붙어 있는 본삼겹과 등 목살 등의 특수 부위를 연탄불에 달군 주물 판에 구우면 고기가 타지 않고 맛있게 익는다. 그 흔한 돼지고기지만, 한번 맛보면 절대 잊을 수 없을 것이다. 예약은 받지 않는다.",,https://axwwgrkdco.cloudimg.io/v7/__gmpics3__/a8feb20b823a4abea3778f9c89797fa7.jpg?width=1000,https://guide.michelin.com/kr/ko/seoul-capital-area/kr-seoul/restaurant/geumdwaeji-sikdang
고사리 익스프레스,한국,서울,빕구르망,2026,"중구 퇴계로85길 12-10, Seoul, 04576, KOR",+82 2-2039-3140,,비건,,,37.56626,127.02001,"신당 중앙시장의 오래된 식당들 사이, 붉은 차양 아래 자리한 고사리 익스프레스는 단번에 시선을 끈다. ‘일상 속의 채식’을 지향하며 채소를 더욱 맛있고 흥미롭게 즐길 수 있도록 한다. 모든 메뉴에는 고사리 오일 소스를  베이스로 사용하며, 고소한 들깨 가루와 병아리콩 후무스, 매콤한 베지 라유를 더한 비빔면은 강한 중독성을 자랑한다. 고사리 칠리 소스를 곁들인 대만식 전병도 인기 메뉴 중 하나. 고사리 소스와 비건 버터는 별도 판매되며, 이곳은 고사리의 무한한 가능성을 맛볼 수 있는 공간이다.",,https://axwwgrkdco.cloudimg.io/v7/__gmpics3__/b23911143b6d4b7ab617ad3ad00a957b.jpeg?width=1000,https://guide.michelin.com/kr/ko/seoul-capital-area/kr-seoul/restaurant/gosari-express
필동면옥,한국,서울,빕구르망,2026,"중구 서애로 26, Seoul, 04624, KOR",+82 2-2266-2611,,냉면,,,37.56035,126.99689,중구 필동에 자리하고 있는 남산골 한옥마을 인근의 평양냉면 레스토랑. 내로라하는 평양냉면 전문점 중 하나인 필동면옥은 오랜 세월 많은 이들에게 사랑받아왔다. 자칫 특징 없이 밍밍하다고 느낄 수 있을 만큼 깔끔한 맛을 자랑하는 이곳 육수에서 나는 섬세한 육 향과 은은한 감칠맛에 중독되어 단골이 된 손님들도 많다고. 두툼하면서도 부드럽고 촉촉한 돼지 수육은 이 집의 또 다른 명물이다. 정통 평양냉면을 선보이는 곳들 중에서도 특유의 섬세함을 가장 잘 표현해낸다는 평을 받는 곳이기도 하다.,,https://axwwgrkdco.cloudimg.io/v7/__gmpics3__/e2bc32b223a44ff4a9fc812b9016048f.jpeg?width=1000,https://guide.michelin.com/kr/ko/seoul-capital-area/kr-seoul/restaurant/pildong-myeonok
소바키리 스즈,한국,서울,빕구르망,2026,"중구 동호로 12길 98, Seoul, 04608, KOR",+82 2-2256-6986,,소바,,,37.55949,127.01243,"이 젊은 요리사의 성장에 있어 소바의 매력은 국내산 메밀을 통해 일본의 대중 요리를 선보이고 싶다는 목표를 만들어주었다. 일본에서의 활동 이후 신당동의 고즈넉한 동네에서 그의 목표를 향하고 있다. 그는 '소토이치' 제면 방식으로 자신의 선호가 담긴 소바를 선보인다. 메밀의 은은한 곡향에 탄력있게 씹히는 식감의 소바로 이곳의 스타일을 개성있게 드러내고 있다. 기본 자루 소바 외에 사케와 어울리는 조림, 텐푸라도 준비되어 있어, 마치 간사이 지방의 소박한 소바집에서 사케를 곁들여 요리와 소바를 즐기는 듯한 현지 분위기를 느낄 수 있다.",,https://axwwgrkdco.cloudimg.io/v7/__gmpics3__/ce0067d5f4014b4186b0ba3a62f816b2.jpeg?width=1000,https://guide.michelin.com/kr/ko/seoul-capital-area/kr-seoul/restaurant/sobakeeri-suzu
서령,한국,서울,빕구르망,2026,"중구 소월로 10, Seoul, 04527, KOR",+82 2-318-8766,,메밀국수,,,37.55857,126.97546,"홍천에서 시작된 이경희, 정종문 부부의 공간은 강화의 서령을 거쳐 서울 남대문의 서령으로 이어졌고, 그 여정은 자연스럽게 이들의 면 요리를 사랑하는 식도락가의 발걸음을 이끌었다. 서울에 터전을 잡은 뒤에는 전보다 많은 좌석과 쾌적한 식사 공간을 확보하고, 정성과 진정성을 쏟아 면과 육수를 준비해 고객과의 접점을 넓혀 가고 있다. 모든 면은 면장 정종문 셰프의 관리하에 100% 순 메밀면으로 만들어 낸다. 서령 순면, 비빔 순면, 들기름 순면으로 맛에 변주를 주어도 고유의 메밀 맛을 유지할 수 있는 비결이다. 정갈하게 담긴 면에 곁들여 나오는 만두와 항정 제육이 더욱 풍성한 느낌을 선사한다.",,https://axwwgrkdco.cloudimg.io/v7/__gmpics3__/475bfdaa259b4d4ab57522faee09842c.jpg?width=1000,https://guide.michelin.com/kr/ko/seoul-capital-area/kr-seoul/restaurant/seoryung
우래옥,한국,서울,빕구르망,2026,"중구 창경궁로 62-29, Seoul, 04546, KOR",+82 2-2265-0151,,냉면,,,37.56815,126.99866,우래옥은 서울 최고의 평양냉면집 중 하나로 1946년 개업 이래 지금껏 그 명성과 전통을 이어 오고 있다. 육수는 각기 다른 평양냉면집을 구분해 주는 중요한 요소다. 이곳의 육수는 한우 아롱사태를 푹 끓여 소금과 간장으로만 간을 해 우래옥만의 담백한 감칠맛을 선사한다. 또 다른 인기 메뉴인 불고기도 냉면에 곁들이기 좋다. 오랜 세월을 거치며 얻은 노하우에 국내산 재료만을 고집하는 뚝심으로 한결같은 맛을 지켜온 우래옥. 이 유서 깊은 식당 앞은 식사를 하려는 고객들로 항시 북적인다.,,https://axwwgrkdco.cloudimg.io/v7/__gmpics3__/b9f21cbd44d340bda27994534abddebf.jpeg?width=1000,https://guide.michelin.com/kr/ko/seoul-capital-area/kr-seoul/restaurant/woo-lae-oak
베이스 이즈 나이스,한국,서울,빕구르망,2026,"마포구 도화 2길 20, Seoul, 04171, KOR",+82 50-71306-6724,,베지테리안,,,37.53958,126.94908,"채소 친화적 레스토랑인 베이스 이즈 나이스. 메뉴 또한 절기에 맞춰 대략 3-4주를 주기로 변경하면서 다양한 채소 요리의 맛을 전하고 있다. 주변의 익숙한 채소를 사용하는 채소밥과 국, 수프, 밑반찬들은 기본적으로 한식의 구성을 따르는데 그 친숙하고 건강한 맛이 이곳을 다시 찾게 만드는 비결이다. 미니멀한 공간의 분위기와 그에 어울리는 음악, 여기에 주인장의 차분한 어투와 천천히 만들어지는 음식을 기다리는 시간까지, ‘느림의 미학’이 느껴지는 곳이다. 셰프 혼자 운영하기에 예약은 필수이다.",,https://axwwgrkdco.cloudimg.io/v7/__gmpics3__/659b36f072f345a9a613caf3ac95cc94.jpeg?width=1000,https://guide.michelin.com/kr/ko/seoul-capital-area/kr-seoul/restaurant/base-is-nice
미진,한국,서울,빕구르망,2026,"종로구 종로 19, 르메이에르 종로타운 116-2호, Seoul, 03157, KOR",+82 2-730-6198,,메밀국수,,,37.5708,126.97985,"1952년부터 광화문 일대를 지켜온 터줏대감인 미진은 한국식 냉메밀국수 전문점으로, 일본식 소바 쯔유보다 진한 맛의 간장 육수와 더 쫄깃한 식감의 메밀 면발을 선보인다. 식당 지하에 운영하는 공장에서 육수와 면을 직접 생산해 손님들에게 바로바로 제공한다. 한 주전자 가득 담긴 차가운 육수와 테이블마다 인심 좋게 제공하는 메밀국수 고명은 기호에 따라 가감이 가능하다. 숙주와 두부, 신김치와 돼지고기 소로 채운 메밀전병 역시 이 집의 인기 메뉴인데, 1인분의 반인 한 줄씩도 판매한다.",,https://axwwgrkdco.cloudimg.io/v7/__gmpics3__/bb7ad557fe544eac8c3875b5ae2ee6a5.jpeg?width=1000,https://guide.michelin.com/kr/ko/seoul-capital-area/kr-seoul/restaurant/mijin
유림면,한국,서울,빕구르망,2026,"중구 서소문로 139-1, Seoul, 04515, KOR",+82 2-755-0659,,메밀국수,,,37.56419,126.9761,"서소문동에서 50년 이상 영업을 이어온, 오랜 역사를 지니고 있는 유림면. 1980년에 지금의 자리로 이전해 3대째 운영하고 있는 가족 경영 식당이다. 이곳에선 신안의 비금도 소금과 봉평 메밀만을 이용해 면을 직접 만드는데, 미리 숙성시켜 놓은 면을 주문과 동시에 삶아 낸다. 김민경 대표는 이렇게 숙성 과정을 거친 면은 글루텐 형성이 최소화되어 식감이 훨씬 부드럽고 소화가 잘 된다고 설명한다. 메뉴 중 나물과 지단, 그리고 달콤한 양념을 올려 내는 비빔 메밀국수는 든든한 한 끼 식사로 충분하다. 또한 깔끔한 국물이 매력적인 메밀국수와 어묵을 푸짐히 담아 내는 가락국수도 이곳의 인기 메뉴다.",,https://axwwgrkdco.cloudimg.io/v7/__gmpics3__/63e67921f01e4ab5ac43dadcf1d69ddb.jpeg?width=1000,https://guide.michelin.com/kr/ko/seoul-capital-area/kr-seoul/restaurant/yurimmyeon
마포옥,한국,서울,빕구르망,2026,"마포구 토정로 312, Seoul, 04165, KOR",+82 2-716-6661,,설렁탕,,,37.53983,126.94332,"고기와 국물을 선호하는 한국인에게 설렁탕만 한 음식이 또 있을까? 서울 설렁탕 중에서도 마포식 설렁탕은 국물이 뽀얗지 않고 맑은 편이다. 1949년에 개업한 마포옥은 양지와 차돌박이, 사골로 곤 진한 국물에 두툼하게 썬 양지머리를 푸짐하게 올려 제공한다. 국물에 밥을 토렴해 내는 것도 이 집의 특징인데, 무엇보다 소고기 국물의 고소한 감칠맛과 달달한 밥의 조화가 일품이다. 여기에 배추 겉절이, 파김치, 깍두기 등 다양한 김치를 제공한다. 이 외에도 차돌 수육을 넉넉하게 얹어주는 차돌탕도 추천한다.",,https://axwwgrkdco.cloudimg.io/v7/__gmpics3__/081fbe9bd2b14d2bbc81f8f71e28e6fa.jpeg?width=1000,https://guide.michelin.com/kr/ko/seoul-capital-area/kr-seoul/restaurant/mapo-ok
정인면옥,한국,서울,빕구르망,2026,"영등포구 국회대로 76길 10, Seoul, 07238, KOR",+82 2-2683-2615,,냉면,,,37.5307,126.92167,맛이 한결같은 식당을 찾는 일은 언제나 즐겁다. 변화하는 시류 속에서도 묵묵히 세대를 이어 고객의 맛을 지켜온 정인면옥 역시 그런 곳 중 하나다. 정인면옥은 대표 메뉴인 평양냉면의 맛과 품질을 유지하기 위해 3년 이상 된 천일염과 국내산 소고기만을 고집한다. 오로지 메밀만 넣어 직접 뽑은 담백한 순면 역시 이곳을 대표하는 메뉴다. 한우 아롱사태 수육과 만두는 냉면의 곁들임 메뉴로 안성맞춤이다. 여의도에 위치한 까닭에 점심시간에는 줄 서는 수고를 감수해야 한다.,,https://axwwgrkdco.cloudimg.io/v7/__gmpics3__/5f9a27c515a841f4b23507d88819948a.jpeg?width=1000,https://guide.michelin.com/kr/ko/seoul-capital-area/kr-seoul/restaurant/jungin-myeonok
안암,한국,서울,빕구르망,2026,"종로구 북촌로 5길 10, Seoul, 03055, KOR",+82 10-6874-8818,,돼지국밥,,,37.57939,126.98446,북촌에 위치한 작은 공간 안암의 주메뉴는 돼지국밥이다. '보통'과 ‘고기 많이’로 양이 구분되어 있는데 국밥의 비주얼이 무척 독특하다. 청양고추와 케일로 만든 기름이 깔끔한 육수와 어우러져 풍부한 향을 느끼게 한다. 스페인산 듀록 돼지의 등갈비에 통 목살을 얇게 저민 고기는 굉장히 부드럽고 은은한 육향을 가지고 있어 다채로운 풍미를 즐길 수 있다. 취향에 따라 고수 추가도 가능하니 안암에서 따뜻한 국밥 한 그릇 즐겨 보시기를 권한다.,,https://axwwgrkdco.cloudimg.io/v7/__gmpics3__/88ad7d37b159452099a981e3350b3392.jpg?width=1000,https://guide.michelin.com/kr/ko/seoul-capital-area/kr-seoul/restaurant/anam
용금옥,한국,서울,빕구르망,2026,"종로구 자하문로 41-2, Seoul, 03036, KOR",+82 2-777-4749,,추어탕,,,37.57972,126.97088,1932년에 영업을 개시한 오랜 전통의 추어탕 전문점 용금옥. 종로구에 위치한 한정자 대표의 용금옥은 중구의 용금옥과 한 뿌리를 두고 있으나 현재는 각자의 길을 걷고 있다. 한국의 대표적 보양식인 추어탕을 사시사철 제공하는 이곳에선 서울식 통추어탕과 삶은 미꾸라지를 갈아 넣은 남도식 추어탕을 함께 선보인다. 좋은 재료로 정성껏 준비하는 모든 음식에는 오랜 세월 용금옥을 지켜온 주인장의 애정 어린 손맛이 고스란히 담겨 있다. 계절을 불문하고 많은 이들의 사랑을 받고 있는 따뜻한 추어탕 한 그릇이 아련한 추억을 선사한다.,,https://axwwgrkdco.cloudimg.io/v7/__gmpics3__/bc1f28c06e6644be9e77797d8d17dc69.jpeg?width=1000,https://guide.michelin.com/kr/ko/seoul-capital-area/kr-seoul/restaurant/yonggeumok
황생가 칼국수,한국,서울,빕구르망,2026,"종로구 북촌로 5길 78, Seoul, 03053, KOR",+82 2-739-6334,,칼국수,,,37.58003,126.98065,"하루 종일 길게 줄을 서는 이곳은 칼국수와 만두 전문점이다. 2001년에 북촌 칼국수로 시작해 2014년에 황생가 칼국수로 상호를 변경했지만, 예나 지금이나 맛있는 사골 칼국수와 만두를 먹기 위해 이곳을 찾는 손님들의 발걸음은 여전하다. 입구에서 잰 손놀림으로 만드는 왕만두는 매일 아침, 시장에서 선별한 신선한 재료로 그때그때 빚어 더없이 신선하다. 부드러운 칼국수의 면과 깊은 사골 육수의 맛이 일품이고, 옛날식 수육과 여름 한철 선보이는 콩국수도 별미이니 꼭 한번 맛보길 바란다.",,https://axwwgrkdco.cloudimg.io/v7/__gmpics3__/0b2eb29954e841eb9ff8637e7da3782f.jpg?width=1000,https://guide.michelin.com/kr/ko/seoul-capital-area/kr-seoul/restaurant/hwangsaengga-kalguksu
황금콩밭,한국,서울,빕구르망,2026,"마포구 마포대로 16길 9, Seoul, 04205, KOR",+82 2-313-2952,,두부,,,37.5509,126.9567,"100% 국내산 콩으로 손수 만드는 두부는 황금콩밭이 추구하는 몸과 마음이 편안해지는 음식이라는 목표점에 부합하는 건강한 맛을 잘 표현한다. 두부에 어우러지는 황금콩밭의 한식 요리의 양념은 여전히 자극적인 맛보다는 식재료의 맛을 잘 살려주는 역할에 충실하다. 짜박두부, 두부조림, 두부전골, 두부전, 두부 두루치기 등 여러 두부 전문 요리에 쌀과 누룩, 물 만을 사용해 만든 이곳의 탁주는 잘 어울리는 반주이다. 두부 전문점이지만 돼지고기 보쌈과 육전 그리고 여러가지 해산물 요리도 준비되어 있어 기호에 따른 여러 선택권이 있다.",,https://axwwgrkdco.cloudimg.io/v7/__gmpics3__/610894940e4c4672a316d2f64201f1bf.jpg?width=1000,https://guide.michelin.com/kr/ko/seoul-capital-area/kr-seoul/restaurant/hwanggeum-kongbat
대성집,한국,서울,빕구르망,2026,"종로구 사직로 5, Seoul, 03029, KOR",+82 2-735-4259,,도가니탕,,,37.57269,126.96091,"식당의 긴 세월만큼의 풍미를 담아낸 듯한 뽀얀 국물 속에 풍성하게 담겨져 있는 도가니와 스지, 사태는 그 시절의 소박한 여유와 정감을 전해준다. 도가니의 잡내 없이 잘 만들어진 국물은 담백하면서도 은은한 단맛이 나며, 매끈한 목넘김에서 국물에 잘 풀어진 지방의 풍부함도 느낄 수 있다. 뜨거운 국물에 쫀득한 도가니 그리고 쌀밥의 한입은 균형 있는 맛을 주고, 김치, 깍두기와 더불어 특색 있는 고추장에 절인 마늘은 또다른 도가니탕 한입을 부추긴다. 여전히 주방에서 국자를 잡고 도가니탕의 맛을 잡는 이춘희 대표의 존재는 대성집 도가니탕의 한결같은 맛을 지켜주는 듯하다.",,https://axwwgrkdco.cloudimg.io/v7/__gmpics3__/d192ec3232534f95b6f20b3a27f888b6.jpeg?width=1000,https://guide.michelin.com/kr/ko/seoul-capital-area/kr-seoul/restaurant/daesungjip
할매집,한국,서울,빕구르망,2026,"종로구 사직로 12길 1-5, Seoul, 03169, KOR",+82 2-735-2608,,한식,,,37.5755506,126.9715631,"1975년 내자동에서 문을 연 뒤 2006년 현 위치로 옮겨 온 이 식당은 고춧가루로 매운맛을 내는 방식으로 잡내 없이 깔끔한 풍미를 자랑한다. 감자탕 역시 깻잎이나 들깻가루 대신 콩나물과 부추만을 사용해 시원하고 알싸한 맛이 돋보인다. 조용한 골목 끝, 인근 좁은 길을 따라 들어가야 하는 위치라 찾기 쉽지 않지만, 신발을 벗고 들어가는 작은 실내는 오래된 공간 특유의 아늑함이 살아 있다. 족발은 여러 향신료와 비법 육수로 오랜 시간 삶아 비린내 없이 살은 부드럽고, 족발 껍질은 쫀득하면서도 풍미가 깊다. 지방이 많은 뒷다리와 부드러운 앞다리 중 취향에 따라 선택할 수 있으며, 넉넉한 양이 제공되어 여럿이 함께 나누기 좋다.",,https://axwwgrkdco.cloudimg.io/v7/__gmpics3__/b3f6856e03c44de18f3ce2702803dff1.jpeg?width=1000,https://guide.michelin.com/kr/ko/seoul-capital-area/kr-seoul/restaurant/halmaejip
개성만두 궁,한국,서울,빕구르망,2026,"종로구 인사동 10길 11-3, Seoul, 03146, KOR",+82 2-733-9240,,만두,,,37.57423,126.98539,"전통 한옥을 개조한 이 공간은 현재 3대째 이어오고 있으며, 할머니의 손맛을 계승한 개성만두가 이 집의 핵심이다. 세 시간 발효한 반죽으로 빚은 만두피는 쫀득한 탄력과 밀가루 특유의 고소한 향을 지니며, 속은 돼지고기에 듬뿍 넣은 채소가 조화를 이루어 담백한 풍미를 낸다. 맑고 하얀 국물은 소고기와 열 가지 신선한 채소를 여덟 시간 동안 우려내 자연스러운 감칠맛을 살렸으며, 전체적으로 과한 간을 피하고 재료의 본연한 맛을 전면에 드러내는 것이 특징이다. 곁들이는 물김치와 깍두기도 만두와 훌륭하게 어우러져 한층 깊은 맛의 조화를 완성한다.",,https://axwwgrkdco.cloudimg.io/v7/__gmpics3__/24ae9548ffbd472c8fd21a5d9f15ceca.jpg?width=1000,https://guide.michelin.com/kr/ko/seoul-capital-area/kr-seoul/restaurant/gaeseong-mandu-koong
호라파,한국,서울,빕구르망,2026,"종로구 자하문로 37-1, 2층, Seoul, 03040, KOR",+82 2-730-0215,,타이,,,37.57938,126.9711,"‘타이 바질’을 뜻하는 ‘호라파’를 상호로 내건 서촌의 태국 식당이다. 메뉴는 단출하지만 그 하나하나의 맛은 굉장히 깊다. 쏨땀을 제외하고는 흔히 접해 보지 못한 메뉴들이 보일 것이다. 그 중 남똑헷은 숯불에 구운 여러 종류의 버섯과 향신채, 토스트한 쌀가루를 넣어 매콤하게 만든 샐러드인데 쫄깃한 식감이 특징이다. 깽 마싸만은 향긋한 계피 향과 구운 채소의 달큰함이 느껴지는 독특한 풍미의 커리 요리이다. 추천하는 와인과 함께 즐기면 색다른 맛을 느낄 수 있을 것이다. 1인 테이블이 준비되어 있어 싱글 다이닝도 가능하다. 다만 좌석이 많지 않아 항상 붐비는 곳이므로 예약은 필수다.",,https://axwwgrkdco.cloudimg.io/v7/__gmpics3__/73a5068223cd420a847d7325e5fe8d4f.jpg?width=1000,https://guide.michelin.com/kr/ko/seoul-capital-area/kr-seoul/restaurant/horapa
화해당,한국,서울,빕구르망,2026,"영등포구 국회대로 62길 15, Seoul, 07236, KOR",+82 2-785-4422,,게장,,,37.52689,126.91706,"한자어로 ‘꽃게집’을 뜻하는 화해당은 태안에서 유명한 간장게장 집의 첫 번째 서울 분점이다. 매년 봄, 통통하게 살이 오른 꽃게를 급랭 시켜 1 년 내내 사용한다. 채소 육수와 양조간장을 혼합하여 만든 이 집만의 특제 간장은 인공 조미를 첨가하지 않은 깊은 맛을 자랑하고, 단맛 나는 게살의 식감 또한 탱탱한 것이 일품이다. 모든 게장은 이틀에 한 번꼴로 태안에서 공급받으며, 탱글탱글한 어리굴젓 역시 태안에서 올라온다. 갓 지어 나오는 솥 밥에 게장을 얹어 향긋한 감태에 싸 먹으면 어느새 밥 한 그릇이 뚝딱 없어진다.",,https://axwwgrkdco.cloudimg.io/v7/__gmpics3__/5f786bcdb1024410ab51a88d948efd51.jpeg?width=1000,https://guide.michelin.com/kr/ko/seoul-capital-area/kr-seoul/restaurant/hwa-hae-dang
니시무라멘,한국,서울,빕구르망,2026,"서울 마포구 동교로 265, 4층, Seoul, 03983, KOR",+82 10-9596-1122,,라멘,,,37.56337,126.92526,"후쿠오카의 흥미로운 프렌치 레스토랑을 운영하는 니시무라 타카히토 셰프의 라멘 식당이 서울에 문을 열었다. 니시무라멘 서울은 니시무라 타카히토 셰프의 남다른 라멘 사랑의 결과물이다. 토핑과 소스, 오일 등을 곁들여 완성한 풍성하고 입체적인 라멘 맛에서 셰프의 독특한 스타일을 엿볼 수 있다. 라멘 고유의 스타일을 유지하면서도 김 오일과 청양고추, 백김치 스타일의 쯔께모노를 활용하는 등 현지화에도 신경을 많이 썼다. 갓 지은 솥밥에 치즈와 라멘 국물을 함께 즐길 수 있는 밥 요리도 니시무라멘의 개성이 느껴지는 메뉴이다.",,https://axwwgrkdco.cloudimg.io/v7/__gmpics3__/ba6fb98b75b04ffea4625cb1b8e536b9.jpg?width=1000,https://guide.michelin.com/kr/ko/seoul-capital-area/kr-seoul/restaurant/nishimuramen
합정옥,한국,서울,빕구르망,2026,"마포구 양화로 1길 21, 2층, Seoul, 04026, KOR",+82 2-322-4822,,곰탕,,,37.54944,126.91037,"합정옥의 시작은 시아버지께서 손수 끓여 드시던 곰탕과 수육 맛에서 비롯됐다. 시아버지가 훗날 대표가 된 며느리에게 ""곰탕집 한번 차려볼까?""라고 말한 것이 계기가 되어 오늘에까지 이르게 된 것. 진한 국물과 은은한 육 향, 토렴해 내오는 달달한 밥과 야들야들한 소고기, 그리고 내포까지, 이곳 음식은 푸짐함을 미덕으로 삼고 있다. 또한 구수한 된장국에 달큰한 배추속대를 넣어 끓인 속댓국의 시원한 맛도 일품이다. 하루에 탕 100인분 정도만 준비하며, 재료 소진 시엔 영업을 종료한다.",,https://axwwgrkdco.cloudimg.io/v7/__gmpics3__/1f83b0dd80b641eba12477096c951ad0.jpeg?width=1000,https://guide.michelin.com/kr/ko/seoul-capital-area/kr-seoul/restaurant/hapjeongok
미필담,한국,서울,빕구르망,2026,"마포구 성지 3길 22, Seoul, 04083, KOR",+82 10-5455-5041,,만두,,,37.54658,126.91419,한적하지만 동시에 젊음의 생기가 느껴지는 합정동의 어느 골목에 자그마한 이북식 손만둣국집 미필담이 있다. 이곳의 주인인 젊은 부부는 황해도 출신 외할머니의 조리법을 바탕으로 이북식 만둣국의 담백한 맛을 손님상에 올린다. 두툼하고 속이 꽉 찬 손만두에 별다른 가미 없이도 담백한 육향을 자랑하는 국물의 조합은 거부하기 쉽지 않은 맛이다. 담백하고 슴슴한 만둣국 외에 계절에 맞춰 정성껏 선보이는 한식 메뉴에서 주인 부부의 노력이 느껴진다. 좌석 구조상 혼자 식사하기에도 적합하고 친구나 연인과 함께 찾기에도 부족함이 없는 공간이다.,,https://axwwgrkdco.cloudimg.io/v7/__gmpics3__/6183d729114946dfb90d3232bc9d3361.jpeg?width=1000,https://guide.michelin.com/kr/ko/seoul-capital-area/kr-seoul/restaurant/mipildam
사루카메,한국,서울,빕구르망,2026,"마포구 연남로 15, Seoul, 03990, KOR",,,라멘,,,37.56103,126.92267,"사루카메는 현재 2대째 혼마 히로토 오너 셰프가 운영을 하고 있다. 그는 단순히 식당 이름만을 이은 것이 아닌, 1대 셰프와의 교감으로 기존 레시피도 보존하여 레스토랑의 발자취를 이어 간다. 이렇게 레스토랑의 역사를 지키며 세계 각국의 도시에서 쌓은 자신의 외식업 경험과 감각을 살려 사루카메만의 새로운 이야기를 만들어 가고 있다. 사루카메는 일본에서 유행하는 라멘의 맛에 전통의 맛과 창작의 맛을 더한 한정 메뉴를 꾸준히 개발해 소개하면서 레스토랑 고유의 라멘 브랜드를 만들어 고객과 소통하고 있다.",,https://axwwgrkdco.cloudimg.io/v7/__gmpics3__/338711fcc69b45849c02c3122637092a.jpeg?width=1000,https://guide.michelin.com/kr/ko/seoul-capital-area/kr-seoul/restaurant/sarukame
서교난면방,한국,서울,빕구르망,2026,"마포구 동교로 12길 16, Seoul, 04029, KOR",+82 10-9516-0934,,국수,,,37.55359,126.91231,"이탈리안 퀴진 전문 셰프로서 견실한 시간을 보내 온 김낙영 셰프의 개성 있는 면 요리 레스토랑 서교난면방. 파스타와 라자냐를 전문적으로 다루던 셰프의 손에서 나온 난면은 그의 경험과 아이디어가 녹아든 한국적이면서도 이탤리언 퀴진의 감성과 터치가 가미된 독창적인 맛의 즐거움을 준다. 셰프는 이 독특한 경계 사이에서 균형을 유지하면서 난면의 매력을 제대로 전달하고 있다. 구엄닭 난면, 그리고 닭 육수와 한우 육수를 섞어 만든 서교 난면 등 매력적인 국물 맛과 난면의 식감을 즐길 수 있는 면 요리가 대표 메뉴다. 이 외에도 계절에 따라 달라지는 면 요리도 있어 철마다 방문해 색다른 맛을 즐기기에 좋다.",,https://axwwgrkdco.cloudimg.io/v7/__gmpics3__/7c16ff62981841b897d6bf7bab626165.jpeg?width=1000,https://guide.michelin.com/kr/ko/seoul-capital-area/kr-seoul/restaurant/seokyonanmyunbang
옥동식,한국,서울,빕구르망,2026,"마포구 양화로 7길 44-10, Seoul, 04035, KOR",+82 10-5571-9915,,돼지국밥,,,37.55261,126.91449,"옥동식의 돼지국밥은 맑은 곰탕 형태를 선보이며, 등장과 함께 돼지국밥에 대한 옥동식 스타일을 확립하였다. 지리산 국산 순종 흑돼지의 앞다리와 뒷다리 살 만을 고아 만든 육수는 담백하면서도 우아한 맛을 내고, 이 국물에 유난히 잘 어울리는 토렴한 쌀밥은 알알이 씹히며, 국밥의 맛을 한층 더 풍부하게 해준다. 국밥에 담겨진 얇게 썰린 돼지고기는 함께 제공되는 특색 있는 맛의 양념장과 잘 어울린다. 이 정갈한 돼지국밥 한끼에 잘 빚어낸 김치만두를 곁들이면 별미이다. 10석의 작은 공간에 1일 100그릇 한정 판매만을 하고 있으니 방문 시 참고하기 바란다.",,https://axwwgrkdco.cloudimg.io/v7/__gmpics3__/59c139b192c84f209a04bba040bd46f0.jpeg?width=1000,https://guide.michelin.com/kr/ko/seoul-capital-area/kr-seoul/restaurant/okdongsik
안덕,한국,서울,빕구르망,2026,"종로구 자하문로 17길 18, Seoul, 03035, KOR",+82 2-723-1518,,한식,,,37.58143,126.96969,서촌의 골목 깊숙이 위치한 안덕은 소고기 냉국수와 만둣국이 인기 메뉴다. 안덕의 물국수는 평양냉면과 비슷하지만 면의 메밀 함량이 높아 쫄깃하면서도 부드러운 식감이 특징이다. 슴슴하고 깔끔한 국물에 간간한 소고기를 넣어 밸런스를 맞추면 먹을수록 본연의 깊은 맛이 살아난다. 고추튀김도 인기 메뉴다. 얇고 바삭한 튀김옷 안에 고기와 야채 소가 꽉 차 있어 맛이 정말 풍부하다. 점심에는 대기 줄이 꽤 긴 편이니 문을 여는 시간에 가는 것을 추천한다.,,https://axwwgrkdco.cloudimg.io/v7/__gmpics3__/60b0825f43ff4f2f80b19e1ef42b43fa.jpeg?width=1000,https://guide.michelin.com/kr/ko/seoul-capital-area/kr-seoul/restaurant/andeok
교다이야,한국,서울,빕구르망,2026,"마포구 성지길 39, Seoul, 04083, KOR",+82 2-2654-2645,,우동,,,37.54681,126.91317,"합정역 근처의 조용한 주택가에 들어서면 나무 도마에 탁탁탁 작두날 튕기는 소리가 경쾌하게 들려온다. ‘형제의 집’을 뜻하는 교다이야는 두 형제가 운영하는 우동 전문점이다. 이곳에선 주문이 들어오는 대로 면을 써는 것을 원칙으로 한다. 면을 만들어놓으면 수분이 증발해 사누키 우동 특유의 매력을 느낄 수 없기 때문이다. 탱글탱글한 동시에 쫄깃하며 매끄러운 사누키 우동 면발, 정어리 훈제 포와 연간장으로 맛을 낸 시원한 감칠맛의 국물. 늘 한결같은 이곳의 우동 맛은 두 사장의 뚝심 있는 모습과 닮아 있다.",,https://axwwgrkdco.cloudimg.io/v7/__gmpics3__/56fdd16fdf044788bc243fbb8ee4741a.jpeg?width=1000,https://guide.michelin.com/kr/ko/seoul-capital-area/kr-seoul/restaurant/kyodaiya
역전회관,한국,서울,빕구르망,2026,"마포구 토정로 37길 47, Seoul, 04155, KOR",+82 2-703-0019,,불고기,,,37.566,126.947,"1962년에 ‘역전식당’으로 시작해 90년대에 ‘역전회관’으로 상호를 변경한 50년 전통의 한식 레스토랑. 이곳의 명물은 국물 없이 바삭하게 즐기는 바싹 불고기로, 메뉴명을 특허청에 등록한 바싹 불고기의 원조라 할 수 있다. 활활 타오르는 센 불에 구웠지만 촉촉한 육즙과 부드러운 식감이 그대로 살아 있는 고기에 달지 않은 양념 맛이 일품으로 보통 맛과 매운맛 중 선택이 가능하다. 이곳은 4층 건물 전체를 사용하므로 넓은 공간에서 편안한 식사를 즐길 수 있지만 그래도 저녁 시간에는 예약하고 올 것을 추천한다.",,https://axwwgrkdco.cloudimg.io/v7/__gmpics3__/9fec9734eda14871a5aa3037c4637714.jpg?width=1000,https://guide.michelin.com/kr/ko/seoul-capital-area/kr-seoul/restaurant/yukjeon-hoekwan
담택,한국,서울,빕구르망,2026,"마포구 동교로12안길 51, Seoul, 04029, KOR",+82 2-332-4560,,라멘,,,37.55448,126.91512,합정역 인근의 한적한 골목길 한 켠에 위치한 소박한 라멘집이다. 이미 세월의 흔적이 묻어 있는 공간이지만 조원현 셰프는 담택의 공간을 의도적으로 빈티지 소품으로 꾸몄다. 소박한 공간과는 달리 이곳의 시오 라멘을 비롯해 시오 라멘 베이스에 맛의 변주를 가한 각종 라멘 메뉴는 소박함과는 거리가 멀다. 세련되면서도 깔끔한 수프의 맛이 꽤나 개성 있고 중독성 있는 여운을 준다. 틀에 얽매이지 않는 맛을 개발하기 위해 우직하게 시오 라멘에 집중한 셰프의 라멘에는 누구나 즐길 수 있는 맛이 담겨 있다.,,https://axwwgrkdco.cloudimg.io/v7/__gmpics3__/0d48f67a519542629caf6b3931d38183.jpg?width=1000,https://guide.michelin.com/kr/ko/seoul-capital-area/kr-seoul/restaurant/damtaek
진진,한국,서울,빕구르망,2026,"마포구 월드컵북로 1길 60, Seoul, 04031, KOR",+82 70-5035-8878,,중식,,,37.55777,126.91324,"중식의 대중화를 위해 40년 동안 힘써온 왕육성 셰프의 차이니즈 레스토랑. 방대한 메뉴가 일반적인 중식당의 패러다임에서 벗어나 10가지의 단출한 메뉴를 선보이는 이유는 맛과 품질을 일관되게 유지하기 위해서라고 한다. 고품격 요리를 합리적인 가격에 맛볼 수 있는 진진의 대표 메뉴로는 멘보샤, 대게살 볶음, 마파두부, 카이란 소고기 볶음 등을 꼽을 수 ...",,https://axwwgrkdco.cloudimg.io/v7/__gmpics3__/d9c6f73705a94015b96f417a421f7b03.jpg?width=1000,https://guide.michelin.com/kr/ko/seoul-capital-area/kr-seoul/restaurant/jin-jin
송헌집,한국,서울,빕구르망,2026,"수영구 민락로 19번길 18, Busan, 48285, KOR",+82 51-711-4648,,한식,,,35.15654,129.12146,전통주와 함께 즐기는 한식 요리부터 국수 요리까지 한식의 다양한 스펙트럼을 부산에서 선보여 온 송헌집. 셰프가 새로 문을 연 떡갈비 한상차림 식당이다. 그윽한 숯향과 풍부한 육즙의 두툼한 떡갈비는 따뜻한 밥 한 숟가락과 멋지게 어울린다. 떡갈비 백반답게 상을 가득 채운 맛깔스런 반찬과 바특한 된장찌개 역시 떡갈비 못지않은 맛을 자랑한다. 작은 마당이 딸린 이층 주택을 개조한 식당은 1990년대 가정집의 아늑한 분위기를 자아낸다.,,https://axwwgrkdco.cloudimg.io/v7/__gmpics3__/3e953e7c4949462196becd3a2ed0825c.jpeg?width=1000,https://guide.michelin.com/kr/ko/busan-region/busan_1025838/restaurant/songheonjip
묵정,한국,서울,빕구르망,2026,"중구 퇴계로48길 17, Seoul, 04619, KOR",+82 10-8350-6743,,한식,,,37.56181,127.00053,"한국계 미국인 셰프 오스틴 강이 운영하는 곳이다. 음식이 곧 약이라는 한식의 철학에 매료되어 ‘한국식 발효 음식’을 표방하며 발효 식품과 장을 직접 만들어 사용한다. 전통 한식을 제공하지만 비주얼은 캐주얼하고 현대적이다. 표고버섯 새우전은 밀가루 없이 버섯 위에 다진 새우살을 올린 후 직접 만든 멸치젓을 넣은 아이올리 소스와 함께 제공된다. 천천히 익히는 메인 음식인 닭고기는 식감이 부드럽고 로즈마리와 레몬, 오렌지를 넣어 깊은 향이 밴 찹쌀밥은 직접 만든 반찬과 잘 어우러진다. 메인 요리와 함께 나오는 각종 수제 장아찌와 김치는 풍부한 발효의 맛과 깊고 다채로운 풍미가 동시에 느껴진다. 메인 요리는 준비 시간 때문에 하루 전에 미리 선택해야 한다.",,https://axwwgrkdco.cloudimg.io/v7/__gmpics3__/d746f529d4bf47aab6c054bb20c9d87e.jpeg?width=1000,https://guide.michelin.com/kr/ko/seoul-capital-area/kr-seoul/restaurant/mukjung
소넷,한국,서울,빕구르망,2026,"강남구 선릉로 157길 33, 3층, Seoul, 06018, KOR",+82 2-6953-5999,,프렌치 컨템퍼러리,,,37.52628,127.03704,"프렌치 음식을 기반으로 한 캐주얼 다이닝을 선보이는 소넷. 커다란 바 테이블이 주방을 감싸고 있는 구조로 셰프들이 조리하는 모습을 직접 보면서 음식을 즐길 수 있다. 다양한 한입 거리 음식부터 분자 요리법을 적용한 디저트까지 갖가지 비주얼과 맛을 경험해 볼 수 있다. 닭 간 무스를 넣은 코코아 롤에 트러플과 라즈베리 잼을 함께 서빙하는 디시는 두 가지 맛과 풍미를 느낄 수 있고, 직접 만든 메밀 파스타와 신선한 조개, 캐비어를 넣은 파스타에서 깊고 진한 맛과 짙은 메밀 향을 느낄 수 있다. ‘소넷’은 프랑스어로 짧은 노래를 뜻하는데 작은 요리로 구성된 코스를 선보이는 이곳에 딱 맞는 이름이다.",,https://axwwgrkdco.cloudimg.io/v7/__gmpics3__/7801dcd17d7d4b84abfef258fa906cde.jpg?width=1000,https://guide.michelin.com/kr/ko/seoul-capital-area/kr-seoul/restaurant/sonnet-1241886
르도헤,한국,부산,1스타,2026,"해운대구 마린시티 3로 37, 2층, Busan, 48118, KOR",+82 51-747-8522,,코리안 컨템퍼러리,,,35.15543,129.14665,"부산 출신의 젊은 셰프가 이끄는 르 도헤는 전통 한식의 정수를 현대적으로 재해석한 테이스팅 메뉴를 선보이며, 제철 지역 식재료를 요리의 중심에 둔다. 원래 한식당으로 시작했으나 현재는 프렌치와 일본 요리를 은은하게 더한 컨템퍼러리 스타일로 발전했다. 작은 골목을 지나 도착하면 스피크이지 분위기의 세련된 다이닝룸이 펼쳐지며, 넓은 창으로 보이는 탁 트인 바다 전망이 인상적이다. 다양한 빈티지와 품종을 갖춘 와인 셀러가 마련되어 있고, 정교하게 구성된 두 가지 와인 페어링이 식사의 깊이를 더한다.",,https://axwwgrkdco.cloudimg.io/v7/__gmpics3__/4f0b76e2e17d44d4b17616cb3d35b8e4.jpg?width=1000,https://guide.michelin.com/kr/ko/busan-region/busan_1025838/restaurant/le-dorer
모리,한국,부산,1스타,2026,"해운대구 구남로 21, 경동리인뷰2차 상가 3층 311호, Busan, 48095, KOR",+82 51-731-9889,,일식,,,35.163577,129.161301,"일본에서 수학한 셰프와 그의 일본인 아내가 함께 운영하는 모리. 정갈한 정통 가이세키 요리를 즐길 수 있는 곳으로, 눈과 입이 모두 즐거운 곳이다. 부산의 신선한 해산물과 제철 채소를 이용해 섬세한 요리를 만들어 내는 김완규 셰프는 식재료의 조화와 코스의 리듬감을 잘 조절하는 균형 감각이 탁월하다. 아내의 세심하고 유려한 서비스와 셰프의 정성스런 요리를 맛볼 수 있는 따뜻한 공간에서 정통 일식을 즐겨 보시길 바란다.",,https://axwwgrkdco.cloudimg.io/v7/__gmpics3__/228b80fb95ed40bd9f8763e0b1db8927.jpeg?width=1000,https://guide.michelin.com/kr/ko/busan-region/busan_1025838/restaurant/mori
피오또,한국,부산,1스타,2026,"해운대구 달맞이길 117번가길 219, 2층, Busan, 48105, KOR",+82 51-744-5309,,이탤리언 컨템퍼러리,,,35.16127,129.1833,"달맞이 고개에 자리한 피오또는 부부가 함께 운영하는 아담한 공간으로, 파스타를 포함한 테이스팅 코스를 선보인다. 부모님의 농장에서 직접 재배한 채소와 산지에서 공수한 지리산 돼지, 토종 쌀 등을 활용해 풍부한 구성의 메뉴를 만든다. 여러 종류의 생면을 비롯해 생햄, 콤부차 식초와 시럽 등 대부분의 식재료를 직접 준비하며, 자연스러운 맛과 색을 피오또만의 방식으로 풀어낸다. 모든 요리는 피오또의 담백하고 건강한 감각을 담고 있으며, 현대적 이탈리아 조리법을 기반으로 파스타와 다양한 전분 요리를 균형 있게 구성한다. 정제된 단맛과 가벼운 터치가 식재료의 본질을 그대로 드러내며, 우드 톤과 베이지·그레이 컬러가 어우러진 공간은 아늑하고 편안한 분위기를 자아낸다.",,https://axwwgrkdco.cloudimg.io/v7/__gmpics3__/5e1da5b7ff5646559f9c4b40b51e874e.jpeg?width=1000,https://guide.michelin.com/kr/ko/busan-region/busan_1025838/restaurant/fiotto
팔레트,한국,부산,1스타,2026,"해운대구 달맞이길 65번길 154, 3층, Busan, 48576, KOR",+82 51-626-2364,,컨템퍼러리,,,35.15659,129.17844,"프렌치 퀴진을 기반으로 자유롭게 구성에 변화를 준 현대적 요리를 선보이는 팔레트.  이곳의 감각적인 요리들은 김재훈 셰프가 경험한 요리 문화의 다양성이 바탕이 되었다. 고향 부산에서 당차게 팔레트를 오픈한 이후 요리적으로 다양한 도전과 레스토랑의 컨셉 변화를 시도한 결과, 그가 그린 팔레트의 발전적인 모습이 현재의 요리에 담겨져 있다. 다이닝만큼은 옛것을 고수하려는 부산의 다이닝 씬에서 다양한 시도를 하는 그의 요리가 어떠한 형태로 발전하게 될지 기대가 된다.",,https://axwwgrkdco.cloudimg.io/v7/__gmpics3__/065340b10a8748438c27dfef56f9520a.jpg?width=1000,https://guide.michelin.com/kr/ko/busan-region/busan_1025838/restaurant/palate
슌사이 쿠보,한국,부산,빕구르망,2026,"북구 양달로 4번길 17, Busan, 46517, KOR",+82 51-365-2959,,장어,,,35.24088,129.01472,슌사이 쿠보는 히츠마부시 전문점이다. 일본에서 수련한 셰프는 히츠마부시의 맛과 품질을 자신이 추구하는 명확한 기준까지 끌어올리기 위해 정진하고 있다. 정성껏 소스를 발라 구운 장어의 그윽한 향과 씹는 맛을 살린 식감이 고슬고슬 잘 지어진 밥과 어우러져 조화로운 맛을 준다. 어린이용 장어 덮밥도 준비하여 아이를 동반한 가족 손님에 대한 배려도 잊지 않았다. 또한 과거 슌사이 쿠보의 갓포 요리를 기억하는 손님들을 위해 기본에 충실한 가벼운 안줏거리도 제공하고 있다.,,https://axwwgrkdco.cloudimg.io/v7/__gmpics3__/0210e4153cde426c935bbae2e098e636.jpg?width=1000,https://guide.michelin.com/kr/ko/busan-region/busan_1025838/restaurant/shunsai-kubo
평양집,한국,부산,빕구르망,2026,"북구 금곡대로 20번길 21, Busan, 46547, KOR",+82 51-331-5445,,만두,,,35.21213,129.00586,"이름에서 알 수 있듯 이북식 만두와 녹두전을 맛볼 수 있는 곳이다. 직접 빚은 만두에는 김치와 당면, 두부와 야채가 보들보들한 얇은 만두피에 가득 차 있고, 양지와 사태를 오랜 시간 우려낸 깔끔하고 시원한 국물이 함께 나온다. 양념한 고기 고명이 올라가는 만둣국은 김치만두와 두부만두 중에서 선택이 가능하며 국물의 진한 감칠맛과 잘 어울린다. 맷돌에 곱게 갈아 만든 녹두전은 포슬포슬한 질감에 숙주나물의 아삭함이 더해져 부드럽고 바삭한 식감이 일품이다. 작지만 깔끔하게 유지되는 공간에서 사장님과 가족들이 만둣국을 직접 만든다. 마음이 따뜻해지는 만둣국 한 그릇을 이곳에서 꼭 경험해 보기를 바란다.",,https://axwwgrkdco.cloudimg.io/v7/__gmpics3__/859605683a3d4fbda884ce31ad3b58b5.jpeg?width=1000,https://guide.michelin.com/kr/ko/busan-region/busan_1025838/restaurant/pyeongyangjip
정짓간,한국,부산,빕구르망,2026,"사하구 비봉로 6, Busan, 49419, KOR",+82 51-293-2900,,돼지국밥,,,35.09561,128.96248,"'정짓간'은 '부엌'의 경상도 방언이다. 2011년 문을 연 정짓간은 부산식 돼지국밥 전문점이다. 국밥에 들어가는 육수를 매일 직접 끓여 준비하는데 진한 사골국같이 뽀얀 국물은 깔끔하고 고소하면서도 담백한 맛이 일품이다. 국밥에 듬뿍 올라가 있는 얇고 부들부들한 고기와 부속 고기, 순대 등 원하는 재료를 선택해서 즐길 수 있다. 항정살로 만든 수육과 막국수도 이곳의 대표 메뉴. 24시간 운영한다.",,https://axwwgrkdco.cloudimg.io/v7/__gmpics3__/de7cc1266405418ebe553b063c374aa4.jpg?width=1000,https://guide.michelin.com/kr/ko/busan-region/busan_1025838/restaurant/jeongjitgan
코르 파스타바,한국,부산,빕구르망,2026,"부산진구 동성로 25번길 13, 2층, Busan, 47305, KOR",+82 10-2366-4570,,이탤리언,,,35.15264,129.06769,"부산 전포동의 힙한 골목길 2층. 레스토랑 문을 열면 개방된 주방에서 분주히 움직이는 셰프들과 10석 남짓한 카운터 테이블이 눈에 들어온다. ‘코르 파스타 바‘라는 이름처럼 이곳에는 직접 제면한 파스타를 다양하게 선보인다. 진한 비스크 풍미의 스파게티, 이탈리아 어란이 들어간 보타르가 파스타, 한우를 사용한 라구까지 클래식 이탤리언 테이스트를 지향하는 셰프의 메뉴를 즐길 수 있다. 1인 1주류 주문이 필수이니 파스타와 함께 합리적인 가격대의 와인도 음미해 보시길.",,https://axwwgrkdco.cloudimg.io/v7/__gmpics3__/a3d4ae03b2c74a3880174f824289ac10.jpeg?width=1000,https://guide.michelin.com/kr/ko/busan-region/busan_1025838/restaurant/cor-pasta-bar
바오하우스,한국,부산,빕구르망,2026,"부산진구 서전로 38번길 62-9, Busan, 47294, KOR",+82 10-4888-1041,,타이완,,,35.15488,129.06335,"바오하우스는 대만식 요리를 기반으로 삼아 캐주얼하고 심플한 요리를 선보인다. 셰프는 이처럼 요리의 문턱을 낮춤으로써 친숙하면서도 이국적인 중화권 요리를 편하게 즐길 수 있게 한다. 바오하우스에서는 대만식 찐빵 ‘바오’와 대만식 간장 소스 삼겹살 덮밥 ‘루로우판’, 마파두부, 어향가지튀김 등 음식 본연의 풍미와 셰프의 아이디어가 접목된 요리를 가볍게 즐길 수 있다. 레스토랑의 공간이 넓지 않고 예약을 받지 않으므로 대기 시간이 있을 수 있다.",,https://axwwgrkdco.cloudimg.io/v7/__gmpics3__/4691374996b84063b8fcdd00166f82d9.jpg?width=1000,https://guide.michelin.com/kr/ko/busan-region/busan_1025838/restaurant/bao-haus
야키토리 온정,한국,부산,빕구르망,2026,"부산진구 동천로 108번길 9-7, Busan, 47247, KOR",+82 10-2281-9293,,야키토리,,,35.15866,129.06284,밝고 활기찬 분위기의 야키토리 온정에서는 선택 가능한 두 가지 야키토리 코스 외에 여러 가지 단품을 즐길 수 있다. 비장탄으로 구운 야키토리는 셰프의 정확한 불 조절 덕분에 쫄깃하고 육즙이 풍부하다. 당일 식당에서 발골·해체한 토종닭의 각 부위가 숯향과 어우러지면서 담백하면서도 깊은 풍미를 선사한다. 야키토리와 사케를 맛있게 즐긴 다음 식사 메뉴로 선택할 수 있는 맑은 닭곰탕은 속을 든든히 채워준다. 벽돌집 아치 안에 자리한 듯한 편안한 분위기 속에서 다양한 니혼슈와 위스키를 야키토리와 즐겨 보기를 권한다.,,https://axwwgrkdco.cloudimg.io/v7/__gmpics3__/dfe7847984624d82a2b008f39cf3b197.jpeg?width=1000,https://guide.michelin.com/kr/ko/busan-region/busan_1025838/restaurant/yakitori-onjung
백일평냉,한국,부산,빕구르망,2026,"수영구 남천바다로 10번길 29, Busan, 48314, KOR",+82 51-625-5515,,냉면,,,35.14855,129.11164,"백일평냉은 딱 100일만 운영하는 냉면집으로 2023년 하반기에 큰 주목을 받았던 곳이다. 냉면 맛에 대한 확신이 분명했던 곽동훈 대표는 2024년 3월 3일 '뛰어날 백'과 '편안할 일'을 합친 '백일'이라는 이름의 평양냉면집을 정식으로 오픈했다. 전국 각지를 돌며 유명 평양냉면집의 맛을 연구한 끝에 백일평냉 고유의 맛을 완성시킬 수 있었다. 섬세하며 은은한 감칠맛이 느껴지는 육수 한 모금에서 이곳의 냉면 맛을 충분히 엿볼 수 있다. 냉면 외에도 접시 불고기, 어복쟁반, 만두 같은 한식 메뉴가 다양하게 준비되어 있어 술자리로도 안성맞춤이다.",,https://axwwgrkdco.cloudimg.io/v7/__gmpics3__/ea13b339ad744c609b0eeccc59e1e5b0.jpeg?width=1000,https://guide.michelin.com/kr/ko/busan-region/busan_1025838/restaurant/100-1-pyeongnaeng
한월관,한국,부산,빕구르망,2026,"수영구 광안로 62번길 10, Busan, 48303, KOR",+82 51-711-7025,,곰탕,,,35.15469,129.11854,"한월관의 곰탕 한 그릇에는 식재료에 대한 자부심과 그 맛을 살리기 위한 노력이 담겨 있다. 한월관에서는 식용으로 키운 미경산 한우 암소만을 사용한 덕분에 곰탕 국물에서 특유의 은은한 육향을 즐길 수 있다. 이곳의 곰탕은 맑은 고기 육수 또는 진한 사골 육수 중에서 선택할 수 있다. 이뿐만 아니라 곰탕에 올라가는 양지와 차돌, 도가니를 기호에 맞게 선택할 수 있어 곰탕 한 그릇만으로도 다양한 한우의 맛을 즐길 수 있다. 유기그릇에 정갈하게 제공되는 김치를 비롯한 기본 찬들도 곰탕의 맛과 잘 어울린다.",,https://axwwgrkdco.cloudimg.io/v7/__gmpics3__/4a353be278164083a92955b2494a9a48.jpeg?width=1000,https://guide.michelin.com/kr/ko/busan-region/busan_1025838/restaurant/hanwolgwan
비비재,한국,부산,빕구르망,2026,"수영구 남천바다로 10번길 45, Busan, 48314, KOR",+82 70-8287-1035,,비빔밥,,,35.14795,129.11142,"비빔밥은 그 식재료의 구성에 따라 다양한 맛의 변화를 만들어 낼수 있는 매력적인 한식이다. 비비재는 이처럼 다양한 식재료의 조합을 통해 색다른 맛의 비빔밥을 선보이는 곳이다. 기본이 되는 전통적 비빔밥 외에 제철 식재료를 독창적으로 조합해 만든 비빔밥 등 익숙하지만 흥미로운 비빔밥 메뉴를 경험할 수 있다. 또 하나, 모든 비빔밥 메뉴를 따끈따끈한 돌솥 비빔밥으로 변경할 수 있어 기호에 맞게 즐길 수 있다는 것도 장점이다. 평범한 비빔밥에 다양한 맛의 색채를 입히고 있는 비비재의 노력이 흥미롭다.",,https://axwwgrkdco.cloudimg.io/v7/__gmpics3__/3799b1c8f4f8455b90bee2c1073d1698.jpeg?width=1000,https://guide.michelin.com/kr/ko/busan-region/busan_1025838/restaurant/bibijae
동경밥상,한국,부산,빕구르망,2026,"수영구 남천바다로 34-6, Busan, 48304, KOR",+82 70-7576-1428,,장어,,,35.14839,129.11386,부산의 정취가 돋보이는 광안리 해수욕장의 익숙한 거리 분위기에서 벗어나 레스토랑의 정문에 이르면 사뭇 차분하고 정적인 분위기가 감돈다. 일본의 대표적인 장어 덮밥인 우나쥬와 히츠마부시를 선보이는 동경 밥상의 모습이다. 김태우 셰프의 손을 거친 동경 밥상의 음식에서 이 요리의 정통성을 표현하고자 하는 그의 노력이 엿보인다. 두툼하게 씹히는 우나기는 본연의 풍미가 도드라지고 감칠맛 나는 소스와 잘 어우러진다. 무엇보다 최근 도정을 원칙으로 하는 윤기 나는 쌀밥과의 조화가 입맛을 당긴다. 정통성 있는 레시피를 존중하며 디테일하게 자신만의 맛을 더해가는 모습이 요리에 대한 신뢰로 이어진다.,,https://axwwgrkdco.cloudimg.io/v7/__gmpics3__/48fc3bc0a2134e51a10a54cc93160e72.jpeg?width=1000,https://guide.michelin.com/kr/ko/busan-region/busan_1025838/restaurant/tokyo-babsang
안목,한국,부산,빕구르망,2026,"수영구 광남로 22번길 3, Busan, 48307, KOR",+82 70-8778-0519,,돼지국밥,,,35.14492,129.11076,"우리가 기억하는 돼지 국밥의 맛이나 멋과는 다른, 새로운 형태의 돼지 국밥을 제안한 안목. 안목은 단순히 기존의 국밥과 형태만 달리한 것이 아닌, 고개가 끄덕여지는 돼지 국밥의 맛을 선사한다. 돼지 국밥은 특유의 풍미를 가지고 있지만 그 안에서 한국의 다른 국물 음식을 떠올리게 하는 오묘한 맛이 있다. 돼지 국밥의 일번지라 할 부산에서 수많은 유명 돼지 국밥과 맛에 있어 확실한 차별화를 꾀하면서도, 요리는 다양한 방향성을 갖고 변화하고 발전한다는 느낌을 주는 레스토랑이다. 개개인의 취향 차이가 있겠지만 다대기나 새우젓을 넣지 않고 이곳만의 돼지 국밥을 있는 그대로 즐겨 보는 것도 좋을 것 같다.",,https://axwwgrkdco.cloudimg.io/v7/__gmpics3__/bb4db791d8e84d4da6cedb55bbe92587.jpg?width=1000,https://guide.michelin.com/kr/ko/busan-region/busan_1025838/restaurant/anmok
피리피리,한국,부산,빕구르망,2026,"수영구 무학로 33번길 54, Busan, 48268, KOR",+82 10-7997-4143,,타이,,,35.16379,129.11807,피리피리는 외관은 투박해 보이지만 태국 현지의 골목 식당을 그대로 옮겨 놓은 듯한 이국적인 모습이 시선을 사로잡는다. 피리피리에서는 태국 고유의 맛을 바탕으로 로컬의 입맛에 맞게 재해석된 태국 요리를 맛볼 수 있다. 대표 메뉴인 푸팟퐁 커리는 부드러운 게살과 풍미 가득한 커리 소스가 조화를 이루어 흰밥에 곁들이기 좋다. 자극적인 신맛과 매콤함이 어우러진 똠얌 수프도 일품이지만 이 똠얌이 들어간 복음밥 카오팟 똠얌 또한 별미다. 의도한 듯 올드한 인테리어는 태국 현지의 다이닝 분위기를 잘 표현했다. 감각적인 공간에서 즐기는 태국 요리와 칵테일 한 잔이 마치 현지에 있는 듯한 즐거움을 선사한다.,,https://axwwgrkdco.cloudimg.io/v7/__gmpics3__/4915f2f049cd4534ab03a32ae2cf07b2.jpg?width=1000,https://guide.michelin.com/kr/ko/busan-region/busan_1025838/restaurant/pili-pili
뫼밀집,한국,부산,빕구르망,2026,"해운대구 마린시티 3로 23, 오렌지 프라자 2층, Busan, 48118, KOR",+82 51-744-9944,,메밀국수,,,35.15663,129.14695,"국산 100% 메밀로 직접 면을 만들어, 메밀 본연의 담백한 맛과 쫄깃한 식감이 돋보이는 곳이다. 비빔 메밀은 매콤한 맛이 중심이라면, 들기름 메밀과 물 메밀은 은은한 메밀의 향을 온전히 즐기기에 적합하다. 특히 들기름 메밀에 곁들이는 감칠맛 깊은 냉육수는 또 다른 풍미를 선사한다. 탱탱한 편육 역시 메밀면과 잘 어울려 만족감을 더한다. 제면실에서 정성껏 빚어낸 순수한 메밀의 맛을 경험해볼 만한 곳이다.",,https://axwwgrkdco.cloudimg.io/v7/__gmpics3__/902825455c754b94a0e7127cfb8950a4.jpeg?width=1000,https://guide.michelin.com/kr/ko/busan-region/busan_1025838/restaurant/moemiljip
부다면옥,한국,부산,빕구르망,2026,"해운대구 중동 1로 36, 2층, Busan, 48095, KOR",+82 51-746-8872,,냉면,,,35.16237,129.16298,"반여동의 부다밀면에 익숙한 분들이라면 부다면옥이라는 이름이 생소하지 않을 것이다. 지난 2021년에 이곳 해운대로 자리를 옮긴 부다면옥은 100% 순 메밀면으로 만든 평양냉면을 판매한다. 뚝뚝 끊길 것 같지만 제법 탄력도 있고 씹을수록 고소한 순면, 그리고 한우를 우린 국물에 채수를 섞어 구수하고 슴슴한 감칠맛이 풍부한 국물이 일품이다. 새콤달콤한 무와 얼갈이, 오이 같은 고명이 따로 나오는데 취향에 따라 얹어 먹으면 그 맛에 중독될 것이다. 꼬리곰탕 역시 훌륭하다. 듬뿍 넣은 소꼬리를 오래 고아 만든 국물은 진하고 깊은 맛을 지니며, 부드럽게 익은 살코기가 더해져 든든하고 포근한 한 그릇을 완성한다.",,https://axwwgrkdco.cloudimg.io/v7/__gmpics3__/e7e077afbf70406096936f92b0c2f2ed.jpg?width=1000,https://guide.michelin.com/kr/ko/busan-region/busan_1025838/restaurant/buda-myeonoak
해목,한국,부산,빕구르망,2026,"해운대구 구남로 24번길 8, Busan, 48094, KOR",+82 51-746-3730,,일식,,,35.16174,129.15977,"외지인과 현지인의 발걸음이 꾸준히 이어지는 해목은 대중적인 일식 요리를 선보인다. 파란색 담장과 어딘가 이국적인 구조물이 주변과는 또 다른 분위기를 자아낸다. 원목 베이스의 인테리어와 다다미 좌석 역시 이국적 정취를 느끼게 하는 데 한몫한다. 해목은 일본식 덮밥 서너 가지와 사시미, 튀김, 타다끼 요리 등을 제공하지만 대표 메뉴는 뭐니뭐니 해도 히츠마부시이다. 그윽한 훈연의 풍미와 감칠맛 나는 소스의 맛을 머금은 우나기는 고슬고슬하게 지은 밥과 잘 어울린다. 해목은 부산 본점 외에 서울에서도 분점을 운영 중이다.",,https://axwwgrkdco.cloudimg.io/v7/__gmpics3__/cb526d4a250c44668abed3e241d74252.jpeg?width=1000,https://guide.michelin.com/kr/ko/busan-region/busan_1025838/restaurant/haemok
나가하마 만게츠,한국,부산,빕구르망,2026,"해운대구 우동 1로 57, Busan, 48088, KOR",+82 51-731-0886,,라멘,,,35.16664,129.15748,해리단길 안쪽으로 깊숙이 들어가면 긴 줄이 보인다. 1960년대에 후쿠오카 나가하마에서 시작한 라멘 전문점이 부산에 처음 지점을 연 곳이다. 이곳의 라멘은 돈 사골을 오랜 시간 고아 낸 국물에 비법 간장을 넣어 진하면서도 무겁지 않은 맛을 낸다. 취향에 따라 면의 삶기 정도를 선택할 수 있고 생마늘이나 매운 소스를 첨가해 즐길 수도 있다. 짜게 느껴진다면 국물을 더 요청할 수도 있으니 망설이지 말고 취향껏 추가해 먹어볼 것을 권한다.,,https://axwwgrkdco.cloudimg.io/v7/__gmpics3__/ba3846ac16e743f59fa2c37df6bbdcbb.jpg?width=1000,https://guide.michelin.com/kr/ko/busan-region/busan_1025838/restaurant/nagahama-mangetsu
아르프,한국,부산,빕구르망,2026,"영도구 태종로 99번길 35, Busan, 49035, KOR",+82 10-5588-1368,,비건,,,35.09293,129.04258,"100% 비건 음식만을 서빙하는 아르프. Around Plant에서 앞 글자를 따 만든 이름인데 둥그런 지구의 긍정적이고 윤리적인 식탁과 채소 요리의 무한한 가능성을 표현한 상호라고 한다. 쌀로 직접 만든 와인과 함께 고기가 들어가지 않은 음식을 만나볼 수 있는데 ‘비건 요리는 맛없다’는 편견을 단박에 깨뜨린다. 시그니처 메뉴인 고사리 파스타는 고사리와 버섯을 말려 식감을 극대화해 쫄깃하고 고소한 맛을 느낄 수 있고, 비건 치즈는 코코넛 오일로 만들었지만 체다치즈와 똑같은 맛을 낸다. 동물성 재료 없이도 빼어난 맛을 내는 음식을 아름다운 공간에서 즐겨 보시길.",,https://axwwgrkdco.cloudimg.io/v7/__gmpics3__/da110d6ec0fa4004a4137938a58c1c46.jpg?width=1000,https://guide.michelin.com/kr/ko/busan-region/busan_1025838/restaurant/arp
뉴러우멘관즈,한국,부산,빕구르망,2026,"수영구 수영로 388번길 25-4, Busan, 48311, KOR",+82 51-623-0251,,타이완,,,35.14029,129.10842,노랗고 커다란 간판이 유독 눈에 띄는 까닭에 뉴러우멘관즈를 찾는 데는 그리 오랜 시간이 걸리지 않는다. 대표 메뉴인 '홍샤우 우육면'은 간장으로 맛을 낸 소고기에 청경채와 배추갓 절임을 올리고 라유로 매운 맛을 더했다. 푸짐하게 차려 낸 한 그릇은 깊은 국물맛과 풍부한 감칠맛이 무척 매력적이다. 바삭하고 짭조름한 대만식 돼지갈비 튀김인 '파이구'와 '홍유초수' 같은 곁들임 메뉴도 우육면과 궁합이 좋다. 최고의 육수 맛을 위해 국수는 당일에 정한 양만 판매한다. 단출한 듯하지만 풍성한 대만식 대중 요리에 대만 맥주도 함께 곁들여 보자.,,https://axwwgrkdco.cloudimg.io/v7/__gmpics3__/d972f530624d44ac96a04878a662c725.jpg?width=1000,https://guide.michelin.com/kr/ko/busan-region/busan_1025838/restaurant/niurou-mian-guan-zi
합천국밥집,한국,부산,빕구르망,2026,"남구 용호로 235, Busan, 48593, KOR",+82 51-628-4898,,돼지국밥,,,35.11124,129.11127,부산을 상징하는 음식 돼지 국밥은 시대와 식성의 변화와 함께 다양한 모습으로 변모해 왔다. 이러한 변화 속에서도 합천국밥집의 돼지 국밥은 오랜 시간 원칙을 고수하며 한결같이 매력적인 맛으로 손님의 발길을 이끈다. 합천국밥집은 특유의 고기 토렴 노하우로 잡내를 잡아 돼지고기의 풍미를 살리는 것이 특징이다. 특히 감칠맛과 깔끔한 맛이 동시에 느껴지는 맑은 국물은 시간이 지날수록 다시 생각나는 맛이다. 또 다른 인기 메뉴인 수육은 수량이 정해져 있어 서두르지 않으면 맛보기 힘들다. 11시부터 1시까지는 1인 식사가 되지 않는다는 점도 참고하시기 바란다.,,https://axwwgrkdco.cloudimg.io/v7/__gmpics3__/82b30400fcd84f0e8aa9f23c38fd7bbf.jpeg?width=1000,https://guide.michelin.com/kr/ko/busan-region/busan_1025838/restaurant/hapcheon-gukbapjip
